城市,首次发布时间,标准品牌,标准车系,站点,成份车商名,来源,天眼属性
三明,2017-09-30,别克,昂科威,华夏二手车,三明市三元区顺隆二手车经纪行,网络媒体,3
长沙,2017-09-30,别克,昂科威,淘车,人人车（长沙）,人人车网,2
郑州,2017-09-30,别克,昂科威,车王,车王郑州店,车王,3
上海,2017-09-30,别克,昂科威,淘车,人人车（上海）,人人车网,2
佛山,2017-09-30,别克,昂科威,瓜子,瓜子（佛山）,瓜子网,2
金华,2017-09-30,别克,昂科威,瓜子,瓜子（金华）,瓜子网,2
贵阳,2017-09-30,别克,昂科威,淘车,人人车（贵阳）,人人车网,2
郑州,2017-09-30,别克,昂科威,淘车,捷和郑州展厅,捷和,3
郑州,2017-09-29,别克,昂科威,瓜子,瓜子（郑州）,瓜子网,2
宣城,2017-09-29,别克,昂科威,二手车之家,宣城兴旺二手车经纪公司,网络媒体,3
武汉,2017-09-29,别克,昂科威,淘车,人人车（武汉）,人人车网,2
上海,2017-09-29,别克,昂科威,二手车之家,上海瀚林精品二手车,网络媒体,3
济南,2017-09-29,别克,昂科威,淘车,济南恒信二手车经销有限公司,网络媒体,3
北京,2017-09-29,别克,昂科威,淘车,人人车（北京）,人人车网,2
上海,2017-09-29,别克,昂科威,淘车,人人车（上海）,人人车网,2
北京,2017-09-29,别克,昂科威,淘车,人人车（北京）,人人车网,2
上海,2017-09-29,别克,昂科威,华夏二手车,上海冠捷二手车,网络媒体,3
郑州,2017-09-28,别克,昂科威,上海通用,河南新纪元汽车销售服务有限公司,上汽通用别克,3
泉州,2017-09-28,别克,昂科威,淘车,看车网（泉州）,看车网,2
长春,2017-09-28,别克,昂科威,二手车之家,长春昌融汽车销售服务有限公司,一汽奥迪,3
佳木斯,2017-09-28,别克,昂科威,瓜子,瓜子（佳木斯）,瓜子网,2
深圳,2017-09-28,别克,昂科威,淘车,人人车（深圳）,人人车网,2
无锡,2017-09-28,别克,昂科威,上海通用,江阴市上通汽车销售服务有限公司,上汽通用别克,3
广安,2017-09-28,别克,昂科威,瓜子,瓜子（广安）,瓜子网,2
惠州,2017-09-28,别克,昂科威,二手车之家,煌鼎精选二手车,网络媒体,3
无锡,2017-09-28,别克,昂科威,二手车之家,无锡奥骐汽车销售服务有限公司,一汽奥迪,3
合肥,2017-09-27,别克,昂科威,淘车,人人车（合肥）,人人车网,2
温州,2017-09-27,别克,昂科威,淘车,温州车之行二手车交易有限公司,网络媒体,3
衡阳,2017-09-26,别克,昂科威,二手车之家,衡阳华源汽车销售服务有限公司,一汽奥迪,3
济南,2017-09-26,别克,昂科威,淘车,山东润华天信汽车销售服务有限公司,一汽奥迪,3
昆明,2017-09-26,别克,昂科威,人人车,人人车（昆明）,人人车网,2
上海,2017-09-26,别克,昂科威,瓜子,瓜子（上海）,瓜子网,2
无锡,2017-09-26,别克,昂科威,人人车,人人车（无锡）,人人车网,2
哈尔滨,2017-09-26,别克,昂科威,瓜子,瓜子（哈尔滨）,瓜子网,2
上海,2017-09-26,别克,昂科威,上海通用,上海永达通美汽车销售服务有限公司,上汽通用别克,3
成都,2017-09-26,别克,昂科威,人人车,人人车（成都）,人人车网,2
南充,2017-09-26,别克,昂科威,瓜子,瓜子（南充）,瓜子网,2
济南,2017-09-26,别克,昂科威,二手车之家,看车网（济南）,看车网,2
威海,2017-09-25,别克,昂科威,瓜子,瓜子（威海）,瓜子网,2
青岛,2017-09-25,别克,昂科威,华夏二手车,青岛兴龙车行,网络媒体,3
苏州,2017-09-25,别克,昂科威,瓜子,瓜子（苏州）,瓜子网,2
大庆,2017-09-25,别克,昂科威,华夏二手车,大庆公平桥二手车,网络媒体,3
杭州,2017-09-25,别克,昂科威,瓜子,瓜子（杭州）,瓜子网,2
武汉,2017-09-25,别克,昂科威,二手车之家,看车网（武汉）,看车网,2
上海,2017-09-24,别克,昂科威,淘车,人人车（上海）,人人车网,2
德州,2017-09-24,别克,昂科威,瓜子,瓜子（德州）,瓜子网,2
南京,2017-09-24,别克,昂科威,淘车,人人车（南京）,人人车网,2
成都,2017-09-24,别克,昂科威,瓜子,瓜子（成都）,瓜子网,2
芜湖,2017-09-24,别克,昂科威,瓜子,瓜子（芜湖）,瓜子网,2
南阳,2017-09-24,别克,昂科威,二手车之家,南阳威佳运通汽车销售服务有限公司,上汽通用别克,3
广州,2017-09-24,别克,昂科威,人人车,人人车（广州）,人人车网,2
乌鲁木齐,2017-09-23,别克,昂科威,淘车,人人车（乌鲁木齐）,人人车网,2
北京,2017-09-23,别克,昂科威,淘车,人人车（北京）,人人车网,2
辽源,2017-09-23,别克,昂科威,淘车,辽源市鸿远二手车公司,网络媒体,3
辽源,2017-09-23,别克,昂科威,二手车之家,辽源市鸿远二手车公司,网络媒体,3
上海,2017-09-23,别克,昂科威,淘车,人人车（上海）,人人车网,2
安庆,2017-09-23,别克,昂科威,人人车,人人车（上海）,人人车网,2
郑州,2017-09-23,别克,昂科威,人人车,人人车（郑州）,人人车网,2
东莞,2017-09-23,别克,昂科威,淘车,东莞市亿临二手车经纪有限公司,网络媒体,3
沧州,2017-09-23,别克,昂科威,二手车之家,沧州诚成汽车销售服务有限公司,网络媒体,3
沧州,2017-09-23,别克,昂科威,淘车,沧州诚成汽车销售服务有限公司,网络媒体,3
沈阳,2017-09-23,别克,昂科威,淘车,人人车（沈阳）,人人车网,2
沈阳,2017-09-23,别克,昂科威,人人车,人人车（沈阳）,人人车网,2
惠州,2017-09-23,别克,昂科威,淘车,人人车（惠州）,人人车网,2
惠州,2017-09-23,别克,昂科威,人人车,人人车（惠州）,人人车网,2
大连,2017-09-23,别克,昂科威,瓜子,瓜子（大连）,瓜子网,2
北京,2017-09-23,别克,昂科威,瓜子,瓜子（北京）,瓜子网,2
长沙,2017-09-23,别克,昂科威,淘车,鸿顺名车行,网络媒体,3
南京,2017-09-23,别克,昂科威,淘车,人人车（南京）,人人车网,2
贵阳,2017-09-22,别克,昂科威,淘车,人人车（贵阳）,人人车网,2
贵阳,2017-09-22,别克,昂科威,淘车,人人车（贵阳）,人人车网,2
乌鲁木齐,2017-09-22,别克,昂科威,淘车,人人车（乌鲁木齐）,人人车网,2
乌鲁木齐,2017-09-22,别克,昂科威,人人车,人人车（乌鲁木齐）,人人车网,2
深圳,2017-09-22,别克,昂科威,淘车,人人车（深圳）,人人车网,2
青岛,2017-09-22,别克,昂科威,上海通用,青岛成达汽车销售集团有限公司,上汽通用别克,3
深圳,2017-09-22,别克,昂科威,淘车,深圳鹏宸二手车经销有限公司,网络媒体,3
信阳,2017-09-22,别克,昂科威,瓜子,瓜子（信阳）,瓜子网,2
上海,2017-09-22,别克,昂科威,瓜子,瓜子（上海）,瓜子网,2
台州,2017-09-22,别克,昂科威,淘车,台州市博豪二手车经纪有限公司,网络媒体,3
深圳,2017-09-22,别克,昂科威,二手车之家,深圳鹏宸二手车经销有限公司,网络媒体,3
乌鲁木齐,2017-09-22,别克,昂科威,瓜子,瓜子（乌鲁木齐）,瓜子网,2
深圳,2017-09-22,别克,昂科威,大搜车,深圳鹏宸二手车经销有限公司,网络媒体,3
深圳,2017-09-22,别克,昂科威,华夏二手车,深圳鹏宸二手车经销有限公司,网络媒体,3
深圳,2017-09-22,别克,昂科威,瓜子,瓜子（深圳）,瓜子网,2
南京,2017-09-22,别克,昂科威,华夏二手车,南京捷和首佳精品二手车,网络媒体,3
武汉,2017-09-22,别克,昂科威,华夏二手车,湖北车购易汽车销售服务有限公司,网络媒体,3
天津,2017-09-21,别克,昂科威,瓜子,瓜子（天津）,瓜子网,2
广州,2017-09-21,别克,昂科威,瓜子,瓜子（广州）,瓜子网,2
乌鲁木齐,2017-09-21,别克,昂科威,人人车,人人车（乌鲁木齐）,人人车网,2
青岛,2017-09-21,别克,昂科威,淘车,人人车（青岛）,人人车网,2
南宁,2017-09-21,别克,昂科威,淘车,人人车（南宁）,人人车网,2
沈阳,2017-09-21,别克,昂科威,淘车,人人车（沈阳）,人人车网,2
北京,2017-09-21,别克,昂科威,瓜子,瓜子（北京）,瓜子网,2
福州,2017-09-21,别克,昂科威,瓜子,瓜子（福州）,瓜子网,2
北京,2017-09-21,别克,昂科威,瓜子,瓜子（北京）,瓜子网,2
乌鲁木齐,2017-09-21,别克,昂科威,淘车,人人车（乌鲁木齐）,人人车网,2
惠州,2017-09-21,别克,昂科威,二手车之家,看车网（惠州）,看车网,2
大同,2017-09-21,别克,昂科威,二手车之家,大同市南郊同辉二手车经纪有限责任公司,网络媒体,3
威海,2017-09-20,别克,昂科威,瓜子,瓜子（威海）,瓜子网,2
青岛,2017-09-20,别克,昂科威,淘车,人人车（青岛）,人人车网,2
郑州,2017-09-20,别克,昂科威,淘车,好车无忧（郑州）,好车无忧,2
太原,2017-09-20,别克,昂科威,瓜子,瓜子（太原）,瓜子网,2
深圳,2017-09-20,别克,昂科威,二手车之家,看车网（深圳）,看车网,2
重庆,2017-09-20,别克,昂科威,瓜子,瓜子（重庆）,瓜子网,2
西安,2017-09-20,别克,昂科威,淘车,西安优自得汽车销售服务有限公司,网络媒体,3
青岛,2017-09-20,别克,昂科威,上海通用,青岛成达汽车销售集团有限公司,上汽通用别克,3
南阳,2017-09-20,别克,昂科威,人人车,人人车（南阳）,人人车网,2
济南,2017-09-19,别克,昂科威,上海通用,山东鸿发森岳汽车销售服务有限公司,上汽通用别克,3
北京,2017-09-19,别克,昂科威,淘车,人人车（北京）,人人车网,2
重庆,2017-09-19,别克,昂科威,瓜子,瓜子（重庆）,瓜子网,2
南京,2017-09-19,别克,昂科威,瓜子,瓜子（南京）,瓜子网,2
惠州,2017-09-19,别克,昂科威,人人车,人人车（广州）,人人车网,2
廊坊,2017-09-19,别克,昂科威,淘车,看车网（廊坊）,看车网,2
石家庄,2017-09-19,别克,昂科威,上海通用,河北盛华汽车贸易有限公司,上汽通用别克,3
郑州,2017-09-19,别克,昂科威,瓜子,瓜子（郑州）,瓜子网,2
广州,2017-09-18,别克,昂科威,淘车,人人车（广州）,人人车网,2
天津,2017-09-18,别克,昂科威,淘车,人人车（天津）,人人车网,2
哈尔滨,2017-09-18,别克,昂科威,淘车,人人车（哈尔滨）,人人车网,2
嘉兴,2017-09-18,别克,昂科威,瓜子,瓜子（嘉兴）,瓜子网,2
上海,2017-09-18,别克,昂科威,上海通用,上海永达通美汽车销售服务有限公司,上汽通用别克,3
淄博,2017-09-18,别克,昂科威,瓜子,瓜子（淄博）,瓜子网,2
广州,2017-09-18,别克,昂科威,瓜子,瓜子（广州）,瓜子网,2
广州,2017-09-18,别克,昂科威,瓜子,瓜子（广州）,瓜子网,2
兰州,2017-09-18,别克,昂科威,淘车,兰州兰奥汽车销售服务有限公司,一汽奥迪,3
长沙,2017-09-17,别克,昂科威,淘车,人人车（长沙）,人人车网,2
沈阳,2017-09-17,别克,昂科威,瓜子,瓜子（沈阳）,瓜子网,2
金华,2017-09-17,别克,昂科威,瓜子,瓜子（金华）,瓜子网,2
青岛,2017-09-17,别克,昂科威,瓜子,瓜子（青岛）,瓜子网,2
武汉,2017-09-17,别克,昂科威,瓜子,瓜子（武汉）,瓜子网,2
东莞,2017-09-17,别克,昂科威,淘车,人人车（东莞）,人人车网,2
海口,2017-09-17,别克,昂科威,上海通用,海南洋浦安骅汽车销售服务有限公司,上汽通用别克,3
郑州,2017-09-17,别克,昂科威,二手车之家,郑州市鑫方圆二手汽车服务有限公司,网络媒体,3
兰州,2017-09-17,别克,昂科威,淘车,兰州万顺二手汽车经营有限公司,网络媒体,3
合肥,2017-09-17,别克,昂科威,华夏二手车,合肥麦卡汽车服务有限公司,网络媒体,3
许昌,2017-09-16,别克,昂科威,人人车,人人车（郑州）,人人车网,2
宿迁,2017-09-16,别克,昂科威,瓜子,瓜子（宿迁）,瓜子网,2
郑州,2017-09-16,别克,昂科威,淘车,人人车（郑州）,人人车网,2
昆明,2017-09-16,别克,昂科威,淘车,人人车（昆明）,人人车网,2
贵阳,2017-09-16,别克,昂科威,淘车,贵州四扬兴奥汽车销售服务有限公司,一汽奥迪,3
青岛,2017-09-15,别克,昂科威,二手车之家,青岛学海二手车,网络媒体,3
武汉,2017-09-15,别克,昂科威,瓜子,瓜子（武汉）,瓜子网,2
南京,2017-09-15,别克,昂科威,淘车,人人车（南京）,人人车网,2
青岛,2017-09-15,别克,昂科威,淘车,人人车（青岛）,人人车网,2
济南,2017-09-15,别克,昂科威,上海通用,山东鸿发森岳汽车销售服务有限公司,上汽通用别克,3
烟台,2017-09-15,别克,昂科威,瓜子,瓜子（烟台）,瓜子网,2
武汉,2017-09-15,别克,昂科威,瓜子,瓜子（武汉）,瓜子网,2
上海,2017-09-15,别克,昂科威,上海通用,上海永达通美汽车销售服务有限公司,上汽通用别克,3
石家庄,2017-09-15,别克,昂科威,二手车之家,星河二手车交易服务有限公司,网络媒体,3
上海,2017-09-15,别克,昂科威,瓜子,瓜子（上海）,瓜子网,2
福州,2017-09-14,别克,昂科威,人人车,人人车（福州）,人人车网,2
哈尔滨,2017-09-14,别克,昂科威,淘车,人人车（哈尔滨）,人人车网,2
深圳,2017-09-14,别克,昂科威,瓜子,瓜子（深圳）,瓜子网,2
广州,2017-09-14,别克,昂科威,淘车,广东中奥汽车销售服务有限公司,一汽奥迪,3
北京,2017-09-14,别克,昂科威,瓜子,瓜子（北京）,瓜子网,2
青岛,2017-09-14,别克,昂科威,淘车,人人车（青岛）,人人车网,2
郑州,2017-09-14,别克,昂科威,淘车,人人车（郑州）,人人车网,2
郑州,2017-09-14,别克,昂科威,华夏二手车,方圆二手名车馆,网络媒体,3
郑州,2017-09-14,别克,昂科威,99好车,99好车,网络媒体,2
宁波,2017-09-14,别克,昂科威,淘车,宁波和平二手车,网络媒体,3
福州,2017-09-14,别克,昂科威,瓜子,瓜子（福州）,瓜子网,2
郑州,2017-09-14,别克,昂科威,二手车之家,郑州市鑫方圆二手汽车服务有限公司,网络媒体,3
北京,2017-09-13,别克,昂科威,淘车,人人车（北京）,人人车网,2
郑州,2017-09-13,别克,昂科威,淘车,人人车（郑州）,人人车网,2
岳阳,2017-09-13,别克,昂科威,淘车,看车网（岳阳）,看车网,2
乌鲁木齐,2017-09-13,别克,昂科威,淘车,人人车（乌鲁木齐）,人人车网,2
海口,2017-09-13,别克,昂科威,二手车之家,海口金盘达维汽车服务有限公司,网络媒体,3
襄阳,2017-09-13,别克,昂科威,瓜子,瓜子（襄阳）,瓜子网,2
大同,2017-09-13,别克,昂科威,二手车之家,大同市南郊同辉二手车经纪有限责任公司,网络媒体,3
上海,2017-09-13,别克,昂科威,瓜子,瓜子（上海）,瓜子网,2
贵阳,2017-09-13,别克,昂科威,淘车,人人车（贵阳）,人人车网,2
郑州,2017-09-13,别克,昂科威,淘车,河南丰之元汽车销售服务有限公司,一汽奥迪,3
郑州,2017-09-13,别克,昂科威,二手车之家,河南丰之元汽车销售服务有限公司,一汽奥迪,3
贵阳,2017-09-13,别克,昂科威,二手车之家,贵州四扬兴奥汽车销售服务有限公司,一汽奥迪,3
苏州,2017-09-13,别克,昂科威,淘车,人人车（苏州）,人人车网,2
上海,2017-09-13,别克,昂科威,淘车,人人车（上海）,人人车网,2
南京,2017-09-13,别克,昂科威,淘车,人人车（南京）,人人车网,2
南宁,2017-09-13,别克,昂科威,二手车之家,广西广汇二手汽车,网络媒体,3
北京,2017-09-13,别克,昂科威,淘车,北京汇利精诚旧机动车经纪有限公司,网络媒体,3
绵阳,2017-09-13,别克,昂科威,淘车,绵阳涪迪克二手车有限公司,网络媒体,3
吉林,2017-09-12,别克,昂科威,二手车之家,吉林高新区阳光名车会馆,网络媒体,3
北京,2017-09-12,别克,昂科威,淘车,人人车（北京）,人人车网,2
北京,2017-09-12,别克,昂科威,人人车,人人车（北京）,人人车网,2
长沙,2017-09-12,别克,昂科威,淘车,看车网（长沙）,看车网,2
上海,2017-09-12,别克,昂科威,瓜子,瓜子（上海）,瓜子网,2
芜湖,2017-09-12,别克,昂科威,瓜子,瓜子（芜湖）,瓜子网,2
厦门,2017-09-12,别克,昂科威,瓜子,瓜子（厦门）,瓜子网,2
西安,2017-09-12,别克,昂科威,瓜子,瓜子（西安）,瓜子网,2
上海,2017-09-12,别克,昂科威,上海通用,上海永达通美汽车销售服务有限公司,上汽通用别克,3
绥化,2017-09-12,别克,昂科威,人人车,人人车（上海）,人人车网,2
金华,2017-09-12,别克,昂科威,瓜子,瓜子（金华）,瓜子网,2
广州,2017-09-11,别克,昂科威,淘车,人人车（广州）,人人车网,2
重庆,2017-09-11,别克,昂科威,人人车,人人车（重庆）,人人车网,2
佛山,2017-09-11,别克,昂科威,人人车,人人车（广州）,人人车网,2
杭州,2017-09-11,别克,昂科威,二手车之家,杭州车立方二手车销售有限公司,网络媒体,3
宿迁,2017-09-11,别克,昂科威,瓜子,瓜子（宿迁）,瓜子网,2
成都,2017-09-11,别克,昂科威,人人车,人人车（成都）,人人车网,2
苏州,2017-09-11,别克,昂科威,瓜子,瓜子（苏州）,瓜子网,2
青岛,2017-09-11,别克,昂科威,瓜子,瓜子（青岛）,瓜子网,2
上海,2017-09-11,别克,昂科威,优信,上海车王认证二手车超市（江桥店）,优信网,2
武汉,2017-09-11,别克,昂科威,淘车,人人车（武汉）,人人车网,2
合肥,2017-09-11,别克,昂科威,二手车之家,合肥恒利达汽车贸易有限公司,网络媒体,3
上海,2017-09-11,别克,昂科威,车王,车王江桥店,车王,3
烟台,2017-09-11,别克,昂科威,瓜子,瓜子（烟台）,瓜子网,2
乌鲁木齐,2017-09-11,别克,昂科威,淘车,人人车（乌鲁木齐）,人人车网,2
银川,2017-09-10,别克,昂科威,二手车之家,银川昌盛二手车,网络媒体,3
新乡,2017-09-10,别克,昂科威,人人车,人人车（新乡）,人人车网,2
安阳,2017-09-10,别克,昂科威,瓜子,瓜子（安阳）,瓜子网,2
北京,2017-09-10,别克,昂科威,瓜子,瓜子（北京）,瓜子网,2
济南,2017-09-10,别克,昂科威,瓜子,瓜子（济南）,瓜子网,2
合肥,2017-09-10,别克,昂科威,淘车,合肥恒利达汽车贸易有限公司,网络媒体,3
广州,2017-09-09,别克,昂科威,淘车,人人车（广州）,人人车网,2
青岛,2017-09-09,别克,昂科威,二手车之家,青岛学海二手车,网络媒体,3
常州,2017-09-09,别克,昂科威,瓜子,瓜子（常州）,瓜子网,2
贵阳,2017-09-09,别克,昂科威,二手车之家,贵阳业飞二手车公司,网络媒体,3
郑州,2017-09-09,别克,昂科威,淘车,郑州亿亨科汽车销售有限公司,网络媒体,3
烟台,2017-09-09,别克,昂科威,瓜子,瓜子（烟台）,瓜子网,2
东莞,2017-09-09,别克,昂科威,淘车,人人车（东莞）,人人车网,2
邢台,2017-09-09,别克,昂科威,瓜子,瓜子（邢台）,瓜子网,2
绵阳,2017-09-09,别克,昂科威,瓜子,瓜子（绵阳）,瓜子网,2
长沙,2017-09-09,别克,昂科威,瓜子,瓜子（长沙）,瓜子网,2
南京,2017-09-09,别克,昂科威,淘车,人人车（南京）,人人车网,2
南京,2017-09-09,别克,昂科威,瓜子,瓜子（南京）,瓜子网,2
郑州,2017-09-08,别克,昂科威,淘车,人人车（郑州）,人人车网,2
成都,2017-09-08,别克,昂科威,淘车,人人车（成都）,人人车网,2
石家庄,2017-09-08,别克,昂科威,淘车,人人车（石家庄）,人人车网,2
成都,2017-09-08,别克,昂科威,淘车,人人车（成都）,人人车网,2
台州,2017-09-08,别克,昂科威,二手车之家,台州市永恒旧机动车经纪有限公司,网络媒体,3
郑州,2017-09-08,别克,昂科威,淘车,人人车（郑州）,人人车网,2
上海,2017-09-08,别克,昂科威,淘车,人人车（上海）,人人车网,2
重庆,2017-09-08,别克,昂科威,淘车,人人车（重庆）,人人车网,2
成都,2017-09-08,别克,昂科威,瓜子,瓜子（成都）,瓜子网,2
大连,2017-09-08,别克,昂科威,淘车,看车网（大连）,看车网,2
北京,2017-09-08,别克,昂科威,淘车,人人车（北京）,人人车网,2
荆州,2017-09-08,别克,昂科威,华夏二手车,荆州市国欣精品车行,网络媒体,3
郑州,2017-09-08,别克,昂科威,二手车之家,河南远见别克,上汽通用别克,3
镇江,2017-09-08,别克,昂科威,瓜子,瓜子（镇江）,瓜子网,2
大同,2017-09-08,别克,昂科威,淘车,看车网（大同）,看车网,2
合肥,2017-09-07,别克,昂科威,淘车,看车网（合肥）,看车网,2
石家庄,2017-09-07,别克,昂科威,二手车之家,看车网（石家庄）,看车网,2
深圳,2017-09-07,别克,昂科威,淘车,人人车（深圳）,人人车网,2
泰州,2017-09-07,别克,昂科威,瓜子,瓜子（泰州）,瓜子网,2
济南,2017-09-07,别克,昂科威,二手车之家,济南先达二手车公司,网络媒体,3
芜湖,2017-09-07,别克,昂科威,瓜子,瓜子（芜湖）,瓜子网,2
长春,2017-09-07,别克,昂科威,淘车,看车网（长春）,看车网,2
北京,2017-09-07,别克,昂科威,淘车,人人车（北京）,人人车网,2
东莞,2017-09-07,别克,昂科威,瓜子,瓜子（东莞）,瓜子网,2
乌鲁木齐,2017-09-06,别克,昂科威,二手车之家,看车网（乌鲁木齐）,看车网,2
沈阳,2017-09-06,别克,昂科威,淘车,人人车（沈阳）,人人车网,2
沈阳,2017-09-06,别克,昂科威,淘车,人人车（沈阳）,人人车网,2
武汉,2017-09-06,别克,昂科威,上海通用,湖北三环海通汽车有限公司,上汽通用别克,3
绍兴,2017-09-06,别克,昂科威,瓜子,瓜子（绍兴）,瓜子网,2
蚌埠,2017-09-06,别克,昂科威,瓜子,瓜子（蚌埠）,瓜子网,2
德阳,2017-09-06,别克,昂科威,瓜子,瓜子（德阳）,瓜子网,2
温州,2017-09-06,别克,昂科威,二手车之家,温州市好平汽车服务有限公司,网络媒体,3
武汉,2017-09-06,别克,昂科威,二手车之家,汉西名车广场,优信网,3
南昌,2017-09-06,别克,昂科威,瓜子,瓜子（南昌）,瓜子网,2
中山,2017-09-05,别克,昂科威,淘车,看车网（中山）,看车网,2
南京,2017-09-05,别克,昂科威,二手车之家,看车网（南京）,看车网,2
郑州,2017-09-05,别克,昂科威,二手车之家,郑州市鑫方圆二手汽车服务有限公司,网络媒体,3
郑州,2017-09-05,别克,昂科威,华夏二手车,方圆二手名车馆,网络媒体,3
南京,2017-09-05,别克,昂科威,淘车,看车网（南京）,看车网,2
宁波,2017-09-05,别克,昂科威,二手车之家,宁波江东宏业二手车经纪有限公司,网络媒体,2
宁波,2017-09-05,别克,昂科威,二手车之家,宁波江东宏业二手车经纪有限公司,网络媒体,2
天津,2017-09-05,别克,昂科威,瓜子,瓜子（天津）,瓜子网,2
成都,2017-09-05,别克,昂科威,瓜子,瓜子（成都）,瓜子网,2
安阳,2017-09-05,别克,昂科威,二手车之家,安阳市新纪元汽车销售服务有限公司,上汽通用别克,3
南京,2017-09-04,别克,昂科威,瓜子,瓜子（南京）,瓜子网,2
郑州,2017-09-04,别克,昂科威,上海通用,河南新纪元汽车销售服务有限公司,上汽通用别克,3
西安,2017-09-04,别克,昂科威,优信,西安优自得汽车销售服务有限公司,网络媒体,3
北京,2017-09-04,别克,昂科威,大搜车,车易得北京店（大兴西红门/槐房万达广场）,网络媒体,3
上海,2017-09-04,别克,昂科威,二手车之家,上海美天迈二手车经营有限公司,网络媒体,3
上海,2017-09-04,别克,昂科威,二手车之家,上海美天迈二手车经营有限公司,网络媒体,3
湖州,2017-09-04,别克,昂科威,二手车之家,湖州广豪汽车有限公司,网络媒体,3
济南,2017-09-04,别克,昂科威,淘车,山东润华二手车交易中心有限公司,网络媒体,3
大连,2017-09-03,别克,昂科威,优信,易车精品二手车,优信网,2
宜昌,2017-09-03,别克,昂科威,瓜子,瓜子（宜昌）,瓜子网,2
呼和浩特,2017-09-03,别克,昂科威,上海通用,呼和浩特市利丰汽车行有限公司,上汽通用别克,3
北京,2017-09-03,别克,昂科威,淘车,看车网（北京）,看车网,2
重庆,2017-09-03,别克,昂科威,人人车,人人车（重庆）,人人车网,2
包头,2017-09-02,别克,昂科威,淘车,昆区金鑫海二手车信息部,网络媒体,3
广州,2017-09-02,别克,昂科威,瓜子,瓜子（广州）,瓜子网,2
东莞,2017-09-02,别克,昂科威,瓜子,瓜子（东莞）,瓜子网,2
南宁,2017-09-02,别克,昂科威,二手车之家,广西冠通汽车销售服务有限公司,上汽通用别克,3
南宁,2017-09-02,别克,昂科威,二手车之家,广西冠通汽车销售服务有限公司,上汽通用别克,3
东莞,2017-09-02,别克,昂科威,淘车,东莞市广雄二手车有限公司,网络媒体,3
苏州,2017-09-02,别克,昂科威,淘车,看车网（苏州）,看车网,2
乌鲁木齐,2017-09-02,别克,昂科威,二手车之家,乌鲁木齐市德宝伟业二手车服务有限公司,网络媒体,3
苏州,2017-09-02,别克,昂科威,淘车,看车网（苏州）,看车网,2
合肥,2017-09-02,别克,昂科威,淘车,看车网（合肥）,看车网,2
无锡,2017-09-02,别克,昂科威,二手车之家,江阴汇通二手车销售有限公司,网络媒体,3
深圳,2017-09-02,别克,昂科威,二手车之家,深圳市鑫宝丰精选二手车交易有限公司,网络媒体,3
吉安,2017-09-02,别克,昂科威,瓜子,瓜子（吉安）,瓜子网,2
绍兴,2017-09-01,别克,昂科威,二手车之家,上虞市佳诚汽车俱乐部有限责任公司,网络媒体,3
绍兴,2017-09-01,别克,昂科威,华夏二手车,上虞市佳诚汽车俱乐部有限责任公司,网络媒体,3
苏州,2017-09-01,别克,昂科威,瓜子,瓜子（苏州）,瓜子网,2
扬州,2017-09-01,别克,昂科威,瓜子,瓜子（扬州）,瓜子网,2
武汉,2017-09-01,别克,昂科威,淘车,武汉品心行商贸有限公司,网络媒体,3
武汉,2017-09-01,别克,昂科威,二手车之家,武汉品心行商贸有限公司,网络媒体,3
宁波,2017-09-01,别克,昂科威,华夏二手车,宁波泛洋盛二手车经营有限公司(重复，已弃用),网络媒体,2
苏州,2017-09-01,别克,昂科威,人人车,人人车（苏州）,人人车网,2
西安,2017-09-01,别克,昂科威,淘车,看车网（西安）,看车网,2
包头,2017-09-01,别克,昂科威,淘车,看车网（包头）,看车网,2
上海,2017-09-01,别克,昂科威,优信,上海衡赛汽车服务有限公司,优信网,2
北京,2017-08-31,别克,昂科威,淘车,看车网（北京）,看车网,2
武汉,2017-08-31,别克,昂科威,淘车,武汉市鑫浩林旧机动车交易有限公司,网络媒体,3
宁波,2017-08-31,别克,昂科威,华夏二手车,宁波泛洋盛二手车经营有限公司(重复，已弃用),网络媒体,2
许昌,2017-08-31,别克,昂科威,淘车,许昌启航汽车贸易有限公司,网络媒体,3
宁波,2017-08-31,别克,昂科威,淘车,宁波联盟二手车,网络媒体,2
西安,2017-08-30,别克,昂科威,淘车,人人车（西安）,人人车网,2
成都,2017-08-30,别克,昂科威,淘车,成都蚂蚁王二手车汽车服务有限责任公司,网络媒体,3
郑州,2017-08-30,别克,昂科威,上海通用,河南新纪元汽车销售服务有限公司,上汽通用别克,3
上海,2017-08-30,别克,昂科威,上海通用,上海永达通美汽车销售服务有限公司,上汽通用别克,3
合肥,2017-08-30,别克,昂科威,人人车,人人车（合肥）,人人车网,2
石家庄,2017-08-30,别克,昂科威,二手车之家,石家庄德日二手车行,网络媒体,3
天津,2017-08-29,别克,昂科威,瓜子,瓜子（天津）,瓜子网,2
南京,2017-08-29,别克,昂科威,人人车,人人车（南京）,人人车网,2
大同,2017-08-29,别克,昂科威,淘车,看车网（大同）,看车网,2
衡阳,2017-08-29,别克,昂科威,二手车之家,湖南衡阳众成二手车服务有限公司,网络媒体,3
长沙,2017-08-29,别克,昂科威,二手车之家,湖南华运通汽车销售有限公司,一汽奥迪,3
上海,2017-08-29,别克,昂科威,上海通用,上海永达通美汽车销售服务有限公司,上汽通用别克,3
重庆,2017-08-29,别克,昂科威,淘车,重庆顺源汽车经纪有限公司,网络媒体,3
郑州,2017-08-28,别克,昂科威,瓜子,瓜子（郑州）,瓜子网,2
郑州,2017-08-28,别克,昂科威,淘车,人人车（郑州）,人人车网,2
郑州,2017-08-28,别克,昂科威,人人车,人人车（郑州）,人人车网,2
武汉,2017-08-28,别克,昂科威,淘车,人人车（武汉）,人人车网,2
衡水,2017-08-28,别克,昂科威,瓜子,瓜子（衡水）,瓜子网,2
长沙,2017-08-27,别克,昂科威,淘车,人人车（长沙）,人人车网,2
青岛,2017-08-27,别克,昂科威,优信,青岛青平车行,优信网,2
合肥,2017-08-27,别克,昂科威,淘车,合肥麦卡汽车服务有限公司,网络媒体,3
乌鲁木齐,2017-08-26,别克,昂科威,淘车,人人车（乌鲁木齐）,人人车网,2
淮南,2017-08-26,别克,昂科威,二手车之家,安徽省淮南市东之星二手车销售服务有限公司,网络媒体,3
佛山,2017-08-26,别克,昂科威,二手车之家,佛山市玛尔发汽车贸易有限公司,网络媒体,3
石家庄,2017-08-26,别克,昂科威,淘车,看车网（石家庄）,看车网,2
佛山,2017-08-26,别克,昂科威,淘车,佛山市玛尔发汽车贸易有限公司,网络媒体,3
西安,2017-08-26,别克,昂科威,人人车,人人车（西安）,人人车网,2
石家庄,2017-08-25,别克,昂科威,二手车之家,石家庄德日二手车行,网络媒体,3
石家庄,2017-08-25,别克,昂科威,淘车,石家庄德日二手车行,网络媒体,3
深圳,2017-08-25,别克,昂科威,淘车,深圳易车汇二手车交易有限公司,网络媒体,3
济南,2017-08-25,别克,昂科威,上海通用,山东鸿发森岳汽车销售服务有限公司,上汽通用别克,3
武汉,2017-08-25,别克,昂科威,淘车,看车网（武汉）,看车网,2
泰州,2017-08-25,别克,昂科威,淘车,江苏淘车乐泰州公司,网络媒体,2
贵阳,2017-08-25,别克,昂科威,淘车,金阳国富二手车贸易有限公司,网络媒体,3
南京,2017-08-25,别克,昂科威,人人车,人人车（南京）,人人车网,2
石家庄,2017-08-25,别克,昂科威,淘车,石家庄德日二手车行,网络媒体,3
温州,2017-08-25,别克,昂科威,淘车,温州嘉业二手车交易有限公司,网络媒体,3
郑州,2017-08-25,别克,昂科威,二手车之家,河南远见别克,上汽通用别克,3
苏州,2017-08-24,别克,昂科威,淘车,看车网（苏州）,看车网,2
哈尔滨,2017-08-24,别克,昂科威,淘车,人人车（哈尔滨）,人人车网,2
青岛,2017-08-24,别克,昂科威,人人车,人人车（青岛）,人人车网,2
佛山,2017-08-24,别克,昂科威,二手车之家,佛山市骏威龙艾普汽车贸易有限公司,网络媒体,3
北京,2017-08-24,别克,昂科威,瓜子,瓜子（北京）,瓜子网,2
上海,2017-08-24,别克,昂科威,大搜车,上海冠捷二手车,网络媒体,3
哈尔滨,2017-08-24,别克,昂科威,二手车之家,广汇认证二手车服务中心,网络媒体,3
苏州,2017-08-24,别克,昂科威,淘车,看车网（苏州）,看车网,2
贵阳,2017-08-24,别克,昂科威,看车网,看车网（贵阳）,看车网,2
上海,2017-08-24,别克,昂科威,二手车之家,上海冠捷二手车,网络媒体,3
宁波,2017-08-24,别克,昂科威,瓜子,瓜子（宁波）,瓜子网,2
成都,2017-08-24,别克,昂科威,淘车,四川好车易到汽车销售服务有限公司,网络媒体,3
青岛,2017-08-24,别克,昂科威,上海通用,青岛成达汽车销售集团有限公司,上汽通用别克,3
成都,2017-08-23,别克,昂科威,淘车,成都锐豪二手车经销有限公司,网络媒体,2
深圳,2017-08-23,别克,昂科威,瓜子,瓜子（深圳）,瓜子网,2
兰州,2017-08-23,别克,昂科威,二手车之家,甘肃赛亚汽车销售服务有限公司,上汽通用别克,3
北京,2017-08-23,别克,昂科威,淘车,人人车（北京）,人人车网,2
成都,2017-08-23,别克,昂科威,大搜车,成都车先生汽车服务有限公司,网络媒体,2
广州,2017-08-23,别克,昂科威,上海通用,广州市广物君豪汽车有限公司,上汽通用别克,3
东莞,2017-08-23,别克,昂科威,淘车,看车网（东莞）,看车网,2
上海,2017-08-23,别克,昂科威,淘车,上海美天迈二手车经营有限公司,网络媒体,3
贵阳,2017-08-23,别克,昂科威,人人车,人人车（贵阳）,人人车网,2
成都,2017-08-23,别克,昂科威,二手车之家,成都全汇二手车服务有限公司,网络媒体,3
重庆,2017-08-23,别克,昂科威,人人车,人人车（重庆）,人人车网,2
上海,2017-08-23,别克,昂科威,二手车之家,上海美天迈二手车经营有限公司,网络媒体,3
上海,2017-08-23,别克,昂科威,上海通用,上海永达通美汽车销售服务有限公司,上汽通用别克,3
上海,2017-08-23,别克,昂科威,大搜车,上海美天迈二手车经营有限公司,网络媒体,3
合肥,2017-08-23,别克,昂科威,淘车,看车网（合肥）,看车网,2
深圳,2017-08-23,别克,昂科威,淘车,看车网（深圳）,看车网,2
杭州,2017-08-23,别克,昂科威,人人车,人人车（杭州）,人人车网,2
南昌,2017-08-22,别克,昂科威,瓜子,瓜子（南昌）,瓜子网,2
大连,2017-08-22,别克,昂科威,淘车,人人车（大连）,人人车网,2
贵阳,2017-08-22,别克,昂科威,淘车,人人车（贵阳）,人人车网,2
济南,2017-08-22,别克,昂科威,淘车,济南恒信二手车经销有限公司,网络媒体,3
南京,2017-08-22,别克,昂科威,淘车,人人车（南京）,人人车网,2
西安,2017-08-22,别克,昂科威,瓜子,瓜子（西安）,瓜子网,2
武汉,2017-08-21,别克,昂科威,瓜子,瓜子（武汉）,瓜子网,2
沧州,2017-08-21,别克,昂科威,淘车,沧州华南汽车服务有限公司,网络媒体,3
郑州,2017-08-21,别克,昂科威,二手车之家,河南远见别克,上汽通用别克,3
合肥,2017-08-21,别克,昂科威,二手车之家,安徽万联旧机动车销售有限公司合肥分公司（合肥万联）,网络媒体,3
深圳,2017-08-21,别克,昂科威,二手车之家,深圳市新大运车城有限公司,网络媒体,3
武汉,2017-08-21,别克,昂科威,上海通用,湖北三环海通汽车有限公司,上汽通用别克,3
绵阳,2017-08-21,别克,昂科威,淘车,看车网（绵阳）,看车网,2
安阳,2017-08-21,别克,昂科威,瓜子,瓜子（安阳）,瓜子网,2
苏州,2017-08-21,别克,昂科威,二手车之家,苏州名城车港汽车贸易有限公司,网络媒体,3
北京,2017-08-20,别克,昂科威,淘车,看车网（北京）,看车网,2
济南,2017-08-20,别克,昂科威,二手车之家,济南恒信二手车经销有限公司,网络媒体,3
成都,2017-08-20,别克,昂科威,淘车,四川好车易到汽车销售服务有限公司,网络媒体,3
北京,2017-08-20,别克,昂科威,二手车之家,看车网（北京）,看车网,2
太原,2017-08-20,别克,昂科威,人人车,人人车（太原）,人人车网,2
保定,2017-08-20,别克,昂科威,二手车之家,保定久鼎利二手车服务有限公司,网络媒体,3
北京,2017-08-20,别克,昂科威,淘车,看车网（北京）,看车网,2
武汉,2017-08-20,别克,昂科威,淘车,武汉市鑫浩林旧机动车交易有限公司,网络媒体,3
上海,2017-08-19,别克,昂科威,淘车,人人车（上海）,人人车网,2
成都,2017-08-19,别克,昂科威,二手车之家,四川申蓉和浩汽车销售服务有限公司,一汽大众,3
芜湖,2017-08-18,别克,昂科威,二手车之家,芜湖万顺二手车,网络媒体,3
上海,2017-08-18,别克,昂科威,上海通用,上海云峰金山汽车发展有限公司,上汽通用别克,3
洛阳,2017-08-18,别克,昂科威,瓜子,瓜子（洛阳）,瓜子网,2
石家庄,2017-08-18,别克,昂科威,二手车之家,看车网（石家庄）,看车网,2
石家庄,2017-08-18,别克,昂科威,淘车,看车网（石家庄）,看车网,2
大连,2017-08-17,别克,昂科威,淘车,人人车（大连）,人人车网,2
乌鲁木齐,2017-08-17,别克,昂科威,淘车,人人车（乌鲁木齐）,人人车网,2
北京,2017-08-17,别克,昂科威,二手车之家,北京奥吉通汽车销售有限公司,一汽奥迪,3
北京,2017-08-17,别克,昂科威,淘车,北京奥吉通汽车销售有限公司,一汽奥迪,3
银川,2017-08-17,别克,昂科威,瓜子,瓜子（银川）,瓜子网,2
重庆,2017-08-17,别克,昂科威,瓜子,瓜子（重庆）,瓜子网,2
济南,2017-08-16,别克,昂科威,二手车之家,山东鸿发森岳汽车销售服务有限公司,上汽通用别克,3
济南,2017-08-16,别克,昂科威,上海通用,山东鸿发森岳汽车销售服务有限公司,上汽通用别克,3
大同,2017-08-16,别克,昂科威,二手车之家,大同市南郊同辉二手车经纪有限责任公司,网络媒体,3
兰州,2017-08-16,别克,昂科威,淘车,兰州兰奥汽车销售服务有限公司,一汽奥迪,3
北京,2017-08-16,别克,昂科威,淘车,看车网（北京）,看车网,2
武汉,2017-08-16,别克,昂科威,上海通用,湖北三环海通汽车有限公司,上汽通用别克,3
临沂,2017-08-15,别克,昂科威,瓜子,瓜子（临沂）,瓜子网,2
贵阳,2017-08-15,别克,昂科威,淘车,人人车（贵阳）,人人车网,2
合肥,2017-08-15,别克,昂科威,二手车之家,看车网（合肥）,看车网,2
长春,2017-08-15,别克,昂科威,人人车,人人车（长春）,人人车网,2
济南,2017-08-15,别克,昂科威,淘车,看车网（济南）,看车网,2
泉州,2017-08-15,别克,昂科威,上海通用,泉州通海汽车销售服务有限公司,上汽通用别克,3
武汉,2017-08-15,别克,昂科威,二手车之家,武汉品心行商贸有限公司,网络媒体,3
成都,2017-08-15,别克,昂科威,二手车之家,四川申蓉和浩汽车销售服务有限公司,一汽大众,3
青岛,2017-08-15,别克,昂科威,淘车,人人车（青岛）,人人车网,2
成都,2017-08-15,别克,昂科威,淘车,看车网（成都）,看车网,2
常州,2017-08-15,别克,昂科威,二手车之家,常州市明星二手车销售有限公司,网络媒体,3
南京,2017-08-14,别克,昂科威,瓜子,瓜子（南京）,瓜子网,2
沈阳,2017-08-14,别克,昂科威,淘车,人人车（沈阳）,人人车网,2
南京,2017-08-14,别克,昂科威,淘车,人人车（南京）,人人车网,2
宣城,2017-08-14,别克,昂科威,华夏二手车,宣城兴旺二手车经纪公司,网络媒体,3
大连,2017-08-14,别克,昂科威,二手车之家,大连美联国际车行,网络媒体,3
郑州,2017-08-14,别克,昂科威,99好车,99好车,网络媒体,2
无锡,2017-08-14,别克,昂科威,二手车之家,江阴享悦宝诚汽车销售服务有限公司,华晨宝马,3
佛山,2017-08-13,别克,昂科威,瓜子,瓜子（佛山）,瓜子网,2
南宁,2017-08-13,别克,昂科威,瓜子,瓜子（南宁）,瓜子网,2
成都,2017-08-13,别克,昂科威,大搜车,成都车先生汽车服务有限公司,网络媒体,2
昆明,2017-08-13,别克,昂科威,二手车之家,昆明凯旋二手车经销有限公司,网络媒体,3
合肥,2017-08-13,别克,昂科威,淘车,合肥恒利达汽车贸易有限公司,网络媒体,3
沈阳,2017-08-12,别克,昂科威,淘车,沈阳铁西区唯漪二手车服务处,网络媒体,3
南宁,2017-08-12,别克,昂科威,二手车之家,广西弘通汽车销售服务有限公司,上汽通用别克,3
郑州,2017-08-12,别克,昂科威,人人车,人人车（郑州）,人人车网,2
上海,2017-08-11,别克,昂科威,淘车,上海永达二手车连锁经营有限公司,网络媒体,3
武汉,2017-08-11,别克,昂科威,淘车,看车网（武汉）,看车网,2
武汉,2017-08-11,别克,昂科威,人人车,人人车（武汉）,人人车网,2
上海,2017-08-11,别克,昂科威,人人车,人人车（上海）,人人车网,2
上海,2017-08-11,别克,昂科威,淘车,人人车（上海）,人人车网,2
宁波,2017-08-11,别克,昂科威,淘车,宁波和平二手车,网络媒体,3
哈尔滨,2017-08-11,别克,昂科威,淘车,哈尔滨市广申汽车销售服务有限责任公司,一汽奥迪,3
哈尔滨,2017-08-11,别克,昂科威,二手车之家,哈尔滨市广申汽车销售服务有限责任公司,一汽奥迪,3
深圳,2017-08-11,别克,昂科威,淘车,深圳领骐二手车贸易有限公司,网络媒体,3
柳州,2017-08-10,别克,昂科威,瓜子,瓜子（柳州）,瓜子网,2
南通,2017-08-10,别克,昂科威,淘车,人人车（南通）,人人车网,2
北京,2017-08-10,别克,昂科威,瓜子,瓜子（北京）,瓜子网,2
哈尔滨,2017-08-10,别克,昂科威,淘车,哈尔滨联盟汽车销售有限公司,网络媒体,3
宝鸡,2017-08-10,别克,昂科威,二手车之家,陕西尚德通宝汽车销售服务有限公司,上汽通用别克,3
宝鸡,2017-08-10,别克,昂科威,二手车之家,陕西尚德通宝汽车销售服务有限公司,上汽通用别克,3
青岛,2017-08-10,别克,昂科威,淘车,人人车（青岛）,人人车网,2
郑州,2017-08-10,别克,昂科威,淘车,人人车（郑州）,人人车网,2
大连,2017-08-10,别克,昂科威,淘车,人人车（大连）,人人车网,2
南京,2017-08-10,别克,昂科威,人人车,人人车（南京）,人人车网,2
济南,2017-08-10,别克,昂科威,瓜子,瓜子（济南）,瓜子网,2
上海,2017-08-10,别克,昂科威,车王,车王江桥店,车王,3
上海,2017-08-10,别克,昂科威,车王,车王江桥店,车王,3
郑州,2017-08-10,别克,昂科威,瓜子,瓜子（郑州）,瓜子网,2
宁波,2017-08-10,别克,昂科威,淘车,宁波和平二手车,网络媒体,3
重庆,2017-08-10,别克,昂科威,瓜子,瓜子（重庆）,瓜子网,2
南宁,2017-08-10,别克,昂科威,淘车,广西冠通汽车销售服务有限公司,上汽通用别克,3
乌鲁木齐,2017-08-09,别克,昂科威,二手车之家,乌鲁木齐市成功二手车服务有限公司,网络媒体,3
成都,2017-08-09,别克,昂科威,淘车,人人车（成都）,人人车网,2
北京,2017-08-09,别克,昂科威,人人车,人人车（北京）,人人车网,2
咸阳,2017-08-09,别克,昂科威,人人车,人人车（咸阳）,人人车网,2
成都,2017-08-09,别克,昂科威,淘车,人人车（成都）,人人车网,2
邯郸,2017-08-09,别克,昂科威,瓜子,瓜子（邯郸）,瓜子网,2
上海,2017-08-09,别克,昂科威,淘车,人人车（上海）,人人车网,2
成都,2017-08-09,别克,昂科威,车王,车王成都店,车王,3
沈阳,2017-08-09,别克,昂科威,淘车,沈阳鑫路途二手车经纪有限公司,网络媒体,3
成都,2017-08-09,别克,昂科威,瓜子,瓜子（成都）,瓜子网,2
上海,2017-08-09,别克,昂科威,瓜子,瓜子（上海）,瓜子网,2
苏州,2017-08-09,别克,昂科威,瓜子,瓜子（苏州）,瓜子网,2
六安,2017-08-09,别克,昂科威,瓜子,瓜子（六安）,瓜子网,2
长沙,2017-08-09,别克,昂科威,二手车之家,长沙鸿运达汽车服务有限公司,网络媒体,3
大同,2017-08-09,别克,昂科威,瓜子,瓜子（大同）,瓜子网,2
南京,2017-08-09,别克,昂科威,瓜子,瓜子（南京）,瓜子网,2
合肥,2017-08-09,别克,昂科威,淘车,人人车（合肥）,人人车网,2
成都,2017-08-08,别克,昂科威,大搜车,四川好车易到汽车销售服务有限公司,网络媒体,3
深圳,2017-08-08,别克,昂科威,淘车,人人车（深圳）,人人车网,2
福州,2017-08-08,别克,昂科威,瓜子,瓜子（福州）,瓜子网,2
成都,2017-08-08,别克,昂科威,淘车,人人车（成都）,人人车网,2
青岛,2017-08-08,别克,昂科威,淘车,人人车（青岛）,人人车网,2
上海,2017-08-08,别克,昂科威,二手车之家,上海新骋精品车,网络媒体,3
太原,2017-08-08,别克,昂科威,淘车,看车网（太原）,看车网,2
青岛,2017-08-08,别克,昂科威,瓜子,瓜子（青岛）,瓜子网,2
武汉,2017-08-08,别克,昂科威,淘车,武汉合力君安汽车服务公司,网络媒体,3
常州,2017-08-08,别克,昂科威,瓜子,瓜子（常州）,瓜子网,2
承德,2017-08-07,别克,昂科威,瓜子,瓜子（承德）,瓜子网,2
成都,2017-08-07,别克,昂科威,大搜车,成都车先生汽车服务有限公司,网络媒体,2
乌鲁木齐,2017-08-07,别克,昂科威,淘车,人人车（乌鲁木齐）,人人车网,2
长沙,2017-08-07,别克,昂科威,淘车,人人车（长沙）,人人车网,2
北京,2017-08-07,别克,昂科威,淘车,人人车（北京）,人人车网,2
上海,2017-08-07,别克,昂科威,瓜子,瓜子（上海）,瓜子网,2
深圳,2017-08-07,别克,昂科威,淘车,看车网（深圳）,看车网,2
苏州,2017-08-07,别克,昂科威,淘车,看车网（苏州）,看车网,2
郑州,2017-08-07,别克,昂科威,上海通用,河南新纪元汽车销售服务有限公司,上汽通用别克,3
深圳,2017-08-07,别克,昂科威,二手车之家,看车网（深圳）,看车网,2
苏州,2017-08-06,别克,昂科威,瓜子,瓜子（苏州）,瓜子网,2
南宁,2017-08-06,别克,昂科威,淘车,人人车（南宁）,人人车网,2
沧州,2017-08-06,别克,昂科威,二手车之家,沧州华南汽车服务有限公司,网络媒体,3
北京,2017-08-06,别克,昂科威,淘车,看车网（北京）,看车网,2
福州,2017-08-06,别克,昂科威,瓜子,瓜子（福州）,瓜子网,2
包头,2017-08-05,别克,昂科威,瓜子,瓜子（包头）,瓜子网,2
上海,2017-08-05,别克,昂科威,优信,上海车王认证二手车超市（江桥店）,优信网,2
上海,2017-08-05,别克,昂科威,优信,上海车王认证二手车超市（江桥店）,优信网,2
运城,2017-08-05,别克,昂科威,瓜子,瓜子（运城）,瓜子网,2
苏州,2017-08-05,别克,昂科威,淘车,人人车（苏州）,人人车网,2
苏州,2017-08-05,别克,昂科威,瓜子,瓜子（苏州）,瓜子网,2
合肥,2017-08-05,别克,昂科威,华夏二手车,合肥恒利达汽车贸易有限公司,网络媒体,3
南京,2017-08-05,别克,昂科威,淘车,南京众鼎旧机动车咨询服务有限公司,网络媒体,3
吉安,2017-08-05,别克,昂科威,瓜子,瓜子（吉安）,瓜子网,2
长沙,2017-08-05,别克,昂科威,淘车,长沙同城汽车经纪有限公司,网络媒体,3
成都,2017-08-05,别克,昂科威,淘车,成都欣骏达汽车服务有限公司,网络媒体,3
东莞,2017-08-05,别克,昂科威,淘车,东莞市东奥汽车服务有限公司,一汽奥迪,3
合肥,2017-08-05,别克,昂科威,淘车,合肥恒利达汽车贸易有限公司,网络媒体,3
济宁,2017-08-05,别克,昂科威,瓜子,瓜子（济宁）,瓜子网,2
西安,2017-08-05,别克,昂科威,淘车,人人车（西安）,人人车网,2
上海,2017-08-04,别克,昂科威,淘车,人人车（上海）,人人车网,2
广州,2017-08-04,别克,昂科威,淘车,人人车（广州）,人人车网,2
西安,2017-08-04,别克,昂科威,瓜子,瓜子（西安）,瓜子网,2
兰州,2017-08-04,别克,昂科威,瓜子,瓜子（兰州）,瓜子网,2
郑州,2017-08-04,别克,昂科威,瓜子,瓜子（郑州）,瓜子网,2
成都,2017-08-04,别克,昂科威,淘车,人人车（成都）,人人车网,2
南充,2017-08-04,别克,昂科威,瓜子,瓜子（南充）,瓜子网,2
广州,2017-08-04,别克,昂科威,上海通用,广州瑞华粤通汽车销售服务有限公司,上汽通用别克,3
唐山,2017-08-03,别克,昂科威,瓜子,瓜子（唐山）,瓜子网,2
沈阳,2017-08-03,别克,昂科威,瓜子,瓜子（沈阳）,瓜子网,2
金华,2017-08-03,别克,昂科威,瓜子,瓜子（金华）,瓜子网,2
武汉,2017-08-03,别克,昂科威,人人车,人人车（武汉）,人人车网,2
洛阳,2017-08-03,别克,昂科威,淘车,人人车（洛阳）,人人车网,2
武汉,2017-08-03,别克,昂科威,淘车,人人车（武汉）,人人车网,2
宁波,2017-08-03,别克,昂科威,二手车之家,宁波江东伟杰置诚二手车经纪有限公司,网络媒体,3
贵阳,2017-08-02,别克,昂科威,瓜子,瓜子（贵阳）,瓜子网,2
济宁,2017-08-02,别克,昂科威,瓜子,瓜子（济宁）,瓜子网,2
漳州,2017-08-02,别克,昂科威,瓜子,瓜子（漳州）,瓜子网,2
上海,2017-08-02,别克,昂科威,二手车之家,上海冠捷二手车,网络媒体,3
北京,2017-08-02,别克,昂科威,二手车之家,看车网（北京）,看车网,2
菏泽,2017-08-02,别克,昂科威,瓜子,瓜子（菏泽）,瓜子网,2
临沂,2017-08-02,别克,昂科威,瓜子,瓜子（临沂）,瓜子网,2
南京,2017-08-02,别克,昂科威,瓜子,瓜子（南京）,瓜子网,2
沈阳,2017-08-02,别克,昂科威,淘车,人人车（沈阳）,人人车网,2
淮安,2017-08-02,别克,昂科威,瓜子,瓜子（淮安）,瓜子网,2
沈阳,2017-08-02,别克,昂科威,淘车,看车网（沈阳）,看车网,2
呼和浩特,2017-08-02,别克,昂科威,瓜子,瓜子（呼和浩特）,瓜子网,2
北京,2017-08-02,别克,昂科威,淘车,看车网（北京）,看车网,2
上海,2017-08-02,别克,昂科威,瓜子,瓜子（上海）,瓜子网,2
东莞,2017-08-02,别克,昂科威,二手车之家,东莞市东奥汽车服务有限公司,一汽奥迪,3
沈阳,2017-08-02,别克,昂科威,二手车之家,看车网（沈阳）,看车网,2
合肥,2017-08-01,别克,昂科威,优信,安徽明鑫二手车广场,优信网,2
淮安,2017-08-01,别克,昂科威,瓜子,瓜子（淮安）,瓜子网,2
鞍山,2017-08-01,别克,昂科威,瓜子,瓜子（鞍山）,瓜子网,2
贵阳,2017-08-01,别克,昂科威,华夏二手车,贵州龙信二手车服务有限公司,网络媒体,3
郑州,2017-08-01,别克,昂科威,淘车,人人车（郑州）,人人车网,2
威海,2017-08-01,别克,昂科威,瓜子,瓜子（威海）,瓜子网,2
武汉,2017-08-01,别克,昂科威,瓜子,瓜子（武汉）,瓜子网,2
武汉,2017-08-01,别克,昂科威,上海通用,湖北三环海通汽车有限公司,上汽通用别克,3
唐山,2017-08-01,别克,昂科威,淘车,唐山小松汽车代理服务有限公司,网络媒体,3
太原,2017-08-01,别克,昂科威,瓜子,瓜子（太原）,瓜子网,2
合肥,2017-08-01,别克,昂科威,二手车之家,合肥明鑫精品二手车广场,网络媒体,3
太原,2017-07-31,别克,昂科威,人人车,人人车（太原）,人人车网,2
北京,2017-07-31,别克,昂科威,人人车,人人车（北京）,人人车网,2
北京,2017-07-31,别克,昂科威,淘车,人人车（北京）,人人车网,2
西安,2017-07-31,别克,昂科威,淘车,人人车（西安）,人人车网,2
西安,2017-07-31,别克,昂科威,淘车,西安大诚行二手车经销有限公司,网络媒体,3
西安,2017-07-31,别克,昂科威,二手车之家,西安大诚行二手车经销有限公司,网络媒体,3
郑州,2017-07-31,别克,昂科威,淘车,捷和郑州展厅,捷和,3
广州,2017-07-31,别克,昂科威,淘车,看车网（广州）,看车网,2
沈阳,2017-07-31,别克,昂科威,淘车,沈阳万悦汽车服务有限公司,网络媒体,3
太原,2017-07-31,别克,昂科威,二手车之家,太原市伟伟旧机动车经纪有限公司,网络媒体,3
宁波,2017-07-31,别克,昂科威,淘车,宁波和平二手车,网络媒体,3
深圳,2017-07-31,别克,昂科威,二手车之家,深圳市中环二手车经纪有限公司,网络媒体,3
贵阳,2017-07-31,别克,昂科威,淘车,人人车（贵阳）,人人车网,2
成都,2017-07-31,别克,昂科威,瓜子,瓜子（成都）,瓜子网,2
合肥,2017-07-30,别克,昂科威,瓜子,瓜子（合肥）,瓜子网,2
北京,2017-07-30,别克,昂科威,人人车,人人车（北京）,人人车网,2
青岛,2017-07-30,别克,昂科威,瓜子,瓜子（青岛）,瓜子网,2
北京,2017-07-30,别克,昂科威,淘车,人人车（北京）,人人车网,2
苏州,2017-07-30,别克,昂科威,淘车,看车网（苏州）,看车网,2
安阳,2017-07-30,别克,昂科威,瓜子,瓜子（安阳）,瓜子网,2
沈阳,2017-07-30,别克,昂科威,看车网,看车网（沈阳）,看车网,2
泰州,2017-07-30,别克,昂科威,瓜子,瓜子（泰州）,瓜子网,2
荆州,2017-07-30,别克,昂科威,瓜子,瓜子（荆州）,瓜子网,2
济宁,2017-07-29,别克,昂科威,二手车之家,济宁易车安二手车销售服务有限公司,网络媒体,3
杭州,2017-07-29,别克,昂科威,瓜子,瓜子（杭州）,瓜子网,2
泉州,2017-07-29,别克,昂科威,上海通用,泉州通海汽车销售服务有限公司,上汽通用别克,3
贵阳,2017-07-29,别克,昂科威,淘车,人人车（贵阳）,人人车网,2
天津,2017-07-29,别克,昂科威,人人车,人人车（天津）,人人车网,2
呼和浩特,2017-07-29,别克,昂科威,瓜子,瓜子（呼和浩特）,瓜子网,2
郑州,2017-07-29,别克,昂科威,瓜子,瓜子（郑州）,瓜子网,2
南昌,2017-07-29,别克,昂科威,瓜子,瓜子（南昌）,瓜子网,2
济南,2017-07-28,别克,昂科威,二手车之家,看车网（济南）,看车网,2
济宁,2017-07-28,别克,昂科威,瓜子,瓜子（济宁）,瓜子网,2
石家庄,2017-07-28,别克,昂科威,淘车,人人车（石家庄）,人人车网,2
杭州,2017-07-28,别克,昂科威,淘车,看车网（杭州）,看车网,2
沈阳,2017-07-28,别克,昂科威,淘车,人人车（沈阳）,人人车网,2
济南,2017-07-28,别克,昂科威,淘车,看车网（济南）,看车网,2
上海,2017-07-28,别克,昂科威,淘车,人人车（上海）,人人车网,2
北京,2017-07-28,别克,昂科威,人人车,人人车（北京）,人人车网,2
北京,2017-07-27,别克,昂科威,淘车,人人车（北京）,人人车网,2
芜湖,2017-07-27,别克,昂科威,二手车之家,芜湖万顺二手车,网络媒体,3
北京,2017-07-27,别克,昂科威,瓜子,瓜子（北京）,瓜子网,2
重庆,2017-07-27,别克,昂科威,淘车,人人车（重庆）,人人车网,2
成都,2017-07-27,别克,昂科威,淘车,看车网（成都）,看车网,2
太原,2017-07-27,别克,昂科威,二手车之家,太原缘宝二手车,网络媒体,3
郑州,2017-07-27,别克,昂科威,二手车之家,郑州市鑫方圆二手汽车服务有限公司,网络媒体,3
保定,2017-07-27,别克,昂科威,二手车之家,保定久鼎利二手车服务有限公司,网络媒体,3
保定,2017-07-26,别克,昂科威,二手车之家,保定久鼎利二手车服务有限公司,网络媒体,3
武汉,2017-07-26,别克,昂科威,淘车,看车网（武汉）,看车网,2
桂林,2017-07-26,别克,昂科威,瓜子,瓜子（桂林）,瓜子网,2
福州,2017-07-26,别克,昂科威,瓜子,瓜子（福州）,瓜子网,2
成都,2017-07-26,别克,昂科威,瓜子,瓜子（成都）,瓜子网,2
襄阳,2017-07-26,别克,昂科威,瓜子,瓜子（襄阳）,瓜子网,2
成都,2017-07-26,别克,昂科威,二手车之家,成都蚂蚁王二手车汽车服务有限责任公司,网络媒体,3
北京,2017-07-26,别克,昂科威,人人车,人人车（北京）,人人车网,2
北京,2017-07-26,别克,昂科威,人人车,人人车（北京）,人人车网,2
广州,2017-07-26,别克,昂科威,人人车,人人车（广州）,人人车网,2
成都,2017-07-26,别克,昂科威,淘车,成都蚂蚁王二手车汽车服务有限责任公司,网络媒体,3
绍兴,2017-07-25,别克,昂科威,瓜子,瓜子（绍兴）,瓜子网,2
温州,2017-07-25,别克,昂科威,二手车之家,温州市好平汽车服务有限公司,网络媒体,3
温州,2017-07-25,别克,昂科威,二手车之家,温州市好平汽车服务有限公司,网络媒体,3
苏州,2017-07-25,别克,昂科威,瓜子,瓜子（苏州）,瓜子网,2
淮安,2017-07-25,别克,昂科威,瓜子,瓜子（淮安）,瓜子网,2
广州,2017-07-25,别克,昂科威,淘车,看车网（广州）,看车网,2
南京,2017-07-25,别克,昂科威,瓜子,瓜子（南京）,瓜子网,2
成都,2017-07-25,别克,昂科威,淘车,人人车（成都）,人人车网,2
南京,2017-07-25,别克,昂科威,淘车,人人车（南京）,人人车网,2
上海,2017-07-25,别克,昂科威,二手车之家,上海永达二手车连锁经营有限公司,网络媒体,3
北京,2017-07-25,别克,昂科威,淘车,人人车（北京）,人人车网,2
大连,2017-07-24,别克,昂科威,瓜子,瓜子（大连）,瓜子网,2
郑州,2017-07-24,别克,昂科威,淘车,人人车（郑州）,人人车网,2
郑州,2017-07-24,别克,昂科威,瓜子,瓜子（郑州）,瓜子网,2
徐州,2017-07-24,别克,昂科威,淘车,人人车（徐州）,人人车网,2
深圳,2017-07-24,别克,昂科威,淘车,人人车（深圳）,人人车网,2
北京,2017-07-24,别克,昂科威,瓜子,瓜子（北京）,瓜子网,2
长沙,2017-07-24,别克,昂科威,淘车,鸿顺名车行,网络媒体,3
徐州,2017-07-24,别克,昂科威,瓜子,瓜子（徐州）,瓜子网,2
蚌埠,2017-07-24,别克,昂科威,瓜子,瓜子（蚌埠）,瓜子网,2
杭州,2017-07-23,别克,昂科威,淘车,看车网（杭州）,看车网,2
重庆,2017-07-23,别克,昂科威,瓜子,瓜子（重庆）,瓜子网,2
北京,2017-07-23,别克,昂科威,瓜子,瓜子（北京）,瓜子网,2
杭州,2017-07-23,别克,昂科威,瓜子,瓜子（杭州）,瓜子网,2
保定,2017-07-22,别克,昂科威,瓜子,瓜子（保定）,瓜子网,2
石家庄,2017-07-22,别克,昂科威,瓜子,瓜子（石家庄）,瓜子网,2
深圳,2017-07-22,别克,昂科威,淘车,人人车（深圳）,人人车网,2
东莞,2017-07-22,别克,昂科威,二手车之家,看车网（东莞）,看车网,2
泉州,2017-07-22,别克,昂科威,瓜子,瓜子（泉州）,瓜子网,2
台州,2017-07-22,别克,昂科威,淘车,台州市博豪二手车经纪有限公司,网络媒体,3
保定,2017-07-22,别克,昂科威,淘车,看车网（保定）,看车网,2
东莞,2017-07-22,别克,昂科威,淘车,看车网（东莞）,看车网,2
北京,2017-07-21,别克,昂科威,百姓,车易得北京店（大兴西红门/槐房万达广场）,网络媒体,3
深圳,2017-07-21,别克,昂科威,二手车之家,看车网（深圳）,看车网,2
邯郸,2017-07-21,别克,昂科威,瓜子,瓜子（邯郸）,瓜子网,2
济南,2017-07-21,别克,昂科威,华夏二手车,济南壹撇壹捺汽车销售有限公司,网络媒体,3
西安,2017-07-21,别克,昂科威,瓜子,瓜子（西安）,瓜子网,2
东莞,2017-07-21,别克,昂科威,淘车,东莞市亿临二手车经纪有限公司,网络媒体,3
合肥,2017-07-20,别克,昂科威,瓜子,瓜子（合肥）,瓜子网,2
成都,2017-07-20,别克,昂科威,人人车,人人车（成都）,人人车网,2
成都,2017-07-20,别克,昂科威,瓜子,瓜子（成都）,瓜子网,2
廊坊,2017-07-20,别克,昂科威,瓜子,瓜子（廊坊）,瓜子网,2
珠海,2017-07-20,别克,昂科威,瓜子,瓜子（珠海）,瓜子网,2
北京,2017-07-20,别克,昂科威,二手车之家,看车网（北京）,看车网,2
北京,2017-07-20,别克,昂科威,二手车之家,车易得北京店（大兴西红门/槐房万达广场）,网络媒体,3
贵阳,2017-07-20,别克,昂科威,淘车,人人车（贵阳）,人人车网,2
北京,2017-07-20,别克,昂科威,淘车,看车网（北京）,看车网,2
北京,2017-07-20,别克,昂科威,淘车,看车网（北京）,看车网,2
北京,2017-07-20,别克,昂科威,淘车,车易得北京店（大兴西红门/槐房万达广场）,网络媒体,3
北京,2017-07-20,别克,昂科威,二手车之家,车易得北京店（大兴西红门/槐房万达广场）,网络媒体,3
北京,2017-07-20,别克,昂科威,大搜车,车易得北京店（大兴西红门/槐房万达广场）,网络媒体,3
石家庄,2017-07-20,别克,昂科威,淘车,石家庄友和旧机动车经纪有限公司,网络媒体,3
成都,2017-07-20,别克,昂科威,大搜车,成都欣骏达汽车服务有限公司,网络媒体,3
济南,2017-07-20,别克,昂科威,淘车,看车网（济南）,看车网,2
无锡,2017-07-20,别克,昂科威,瓜子,瓜子（无锡）,瓜子网,2
宿迁,2017-07-19,别克,昂科威,瓜子,瓜子（宿迁）,瓜子网,2
烟台,2017-07-19,别克,昂科威,瓜子,瓜子（烟台）,瓜子网,2
青岛,2017-07-19,别克,昂科威,二手车之家,青岛学海二手车,网络媒体,3
宁波,2017-07-19,别克,昂科威,二手车之家,宁波明楼二手车,网络媒体,3
兰州,2017-07-19,别克,昂科威,淘车,兰州兰奥汽车销售服务有限公司,一汽奥迪,3
石家庄,2017-07-19,别克,昂科威,第一车网,河北启天汽车销售服务有限公司,上汽通用别克,3
郑州,2017-07-19,别克,昂科威,淘车,人人车（郑州）,人人车网,2
郑州,2017-07-19,别克,昂科威,淘车,郑州市惠济区八达汽车服务部,网络媒体,3
南宁,2017-07-19,别克,昂科威,淘车,人人车（南宁）,人人车网,2
北京,2017-07-19,别克,昂科威,二手车之家,车易得北京店（大兴西红门/槐房万达广场）,网络媒体,3
哈尔滨,2017-07-19,别克,昂科威,瓜子,瓜子（哈尔滨）,瓜子网,2
武汉,2017-07-19,别克,昂科威,淘车,人人车（武汉）,人人车网,2
东莞,2017-07-19,别克,昂科威,淘车,看车网（东莞）,看车网,2
邢台,2017-07-19,别克,昂科威,瓜子,瓜子（邢台）,瓜子网,2
上海,2017-07-19,别克,昂科威,瓜子,瓜子（上海）,瓜子网,2
广州,2017-07-19,别克,昂科威,上海通用,广州安骅汽车贸易有限公司,上汽通用别克,3
临沂,2017-07-19,别克,昂科威,瓜子,瓜子（临沂）,瓜子网,2
郑州,2017-07-19,别克,昂科威,瓜子,瓜子（郑州）,瓜子网,2
武汉,2017-07-19,别克,昂科威,瓜子,瓜子（武汉）,瓜子网,2
宝鸡,2017-07-19,别克,昂科威,第一车网,陕西华兴通宝汽车销售服务有限公司,上汽通用别克,3
泉州,2017-07-18,别克,昂科威,第一车网,泉州通海汽车销售服务有限公司,上汽通用别克,3
长沙,2017-07-18,别克,昂科威,华夏二手车,长沙县湘龙万盛二手车行,网络媒体,3
泉州,2017-07-18,别克,昂科威,第一车网,泉州通海汽车销售服务有限公司,上汽通用别克,3
泉州,2017-07-18,别克,昂科威,第一车网,泉州通海汽车销售服务有限公司,上汽通用别克,3
温州,2017-07-18,别克,昂科威,二手车之家,温州市好平汽车服务有限公司,网络媒体,3
青岛,2017-07-18,别克,昂科威,二手车之家,宏利达车行,网络媒体,3
温州,2017-07-18,别克,昂科威,二手车之家,温州市好平汽车服务有限公司,网络媒体,3
盐城,2017-07-18,别克,昂科威,瓜子,瓜子（盐城）,瓜子网,2
武汉,2017-07-18,别克,昂科威,瓜子,瓜子（武汉）,瓜子网,2
厦门,2017-07-18,别克,昂科威,淘车,人人车（厦门）,人人车网,2
郑州,2017-07-18,别克,昂科威,淘车,人人车（郑州）,人人车网,2
上海,2017-07-18,别克,昂科威,淘车,人人车（上海）,人人车网,2
上海,2017-07-18,别克,昂科威,淘车,人人车（上海）,人人车网,2
苏州,2017-07-18,别克,昂科威,淘车,人人车（苏州）,人人车网,2
无锡,2017-07-18,别克,昂科威,第一车网,江阴市上通汽车销售服务有限公司,上汽通用别克,3
成都,2017-07-18,别克,昂科威,瓜子,瓜子（成都）,瓜子网,2
南宁,2017-07-18,别克,昂科威,瓜子,瓜子（南宁）,瓜子网,2
北京,2017-07-18,别克,昂科威,瓜子,瓜子（北京）,瓜子网,2
徐州,2017-07-18,别克,昂科威,瓜子,瓜子（徐州）,瓜子网,2
沈阳,2017-07-18,别克,昂科威,瓜子,瓜子（沈阳）,瓜子网,2
武汉,2017-07-18,别克,昂科威,第一车网,武汉宏俊隆汽车贸易有限责任公司,网络媒体,3
扬州,2017-07-18,别克,昂科威,瓜子,瓜子（扬州）,瓜子网,2
合肥,2017-07-18,别克,昂科威,瓜子,瓜子（合肥）,瓜子网,2
潍坊,2017-07-18,别克,昂科威,瓜子,瓜子（潍坊）,瓜子网,2
乌鲁木齐,2017-07-18,别克,昂科威,第一车网,德征伟业汽车服务有限公司,网络媒体,3
广州,2017-07-18,别克,昂科威,瓜子,瓜子（广州）,瓜子网,2
广州,2017-07-18,别克,昂科威,第一车网,广州安骅汽车贸易有限公司,上汽通用别克,3
武汉,2017-07-18,别克,昂科威,第一车网,武汉宏俊隆汽车贸易有限责任公司,网络媒体,3
广州,2017-07-18,别克,昂科威,第一车网,广州市广物君豪汽车有限公司,上汽通用别克,3
天津,2017-07-18,别克,昂科威,瓜子,瓜子（天津）,瓜子网,2
天津,2017-07-18,别克,昂科威,瓜子,瓜子（天津）,瓜子网,2
石家庄,2017-07-18,别克,昂科威,第一车网,河北启天汽车销售服务有限公司,上汽通用别克,3
济南,2017-07-18,别克,昂科威,第一车网,山东鸿发森岳汽车销售服务有限公司,上汽通用别克,3
石家庄,2017-07-18,别克,昂科威,第一车网,河北启天汽车销售服务有限公司,上汽通用别克,3
武汉,2017-07-18,别克,昂科威,第一车网,武汉合力君安汽车服务公司,网络媒体,3
太原,2017-07-18,别克,昂科威,第一车网,山西友通汽车贸易有限公司,上汽通用别克,3
无锡,2017-07-18,别克,昂科威,第一车网,江阴市上通汽车销售服务有限公司,上汽通用别克,3
宁波,2017-07-18,别克,昂科威,第一车网,宁波泛洋盛二手车经营有限公司(重复，已弃用),网络媒体,2
邯郸,2017-07-18,别克,昂科威,瓜子,瓜子（邯郸）,瓜子网,2
宁波,2017-07-18,别克,昂科威,第一车网,宁波泛洋盛二手车经营有限公司(重复，已弃用),网络媒体,2
烟台,2017-07-18,别克,昂科威,瓜子,瓜子（烟台）,瓜子网,2
西安,2017-07-18,别克,昂科威,瓜子,瓜子（西安）,瓜子网,2
青岛,2017-07-18,别克,昂科威,第一车网,青岛成达汽车销售集团有限公司,上汽通用别克,3
武汉,2017-07-18,别克,昂科威,瓜子,瓜子（武汉）,瓜子网,2
太原,2017-07-18,别克,昂科威,第一车网,山西汇众汇通汽车销售服务有限公司,上汽通用别克,3
东莞,2017-07-18,别克,昂科威,瓜子,瓜子（东莞）,瓜子网,2
湘潭,2017-07-17,别克,昂科威,瓜子,瓜子（湘潭）,瓜子网,2
重庆,2017-07-17,别克,昂科威,瓜子,瓜子（重庆）,瓜子网,2
达州,2017-07-17,别克,昂科威,瓜子,瓜子（达州）,瓜子网,2
武汉,2017-07-17,别克,昂科威,瓜子,瓜子（武汉）,瓜子网,2
长沙,2017-07-17,别克,昂科威,瓜子,瓜子（长沙）,瓜子网,2
长沙,2017-07-17,别克,昂科威,瓜子,瓜子（长沙）,瓜子网,2
长沙,2017-07-17,别克,昂科威,瓜子,瓜子（长沙）,瓜子网,2
营口,2017-07-17,别克,昂科威,瓜子,瓜子（营口）,瓜子网,2
济南,2017-07-17,别克,昂科威,瓜子,瓜子（济南）,瓜子网,2
抚顺,2017-07-17,别克,昂科威,瓜子,瓜子（抚顺）,瓜子网,2
北京,2017-07-17,别克,昂科威,瓜子,瓜子（北京）,瓜子网,2
柳州,2017-07-17,别克,昂科威,瓜子,瓜子（柳州）,瓜子网,2
威海,2017-07-17,别克,昂科威,瓜子,瓜子（威海）,瓜子网,2
济南,2017-07-17,别克,昂科威,瓜子,瓜子（济南）,瓜子网,2
绵阳,2017-07-17,别克,昂科威,瓜子,瓜子（绵阳）,瓜子网,2
六安,2017-07-17,别克,昂科威,瓜子,瓜子（六安）,瓜子网,2
南京,2017-07-17,别克,昂科威,瓜子,瓜子（南京）,瓜子网,2
南京,2017-07-17,别克,昂科威,瓜子,瓜子（南京）,瓜子网,2
成都,2017-07-17,别克,昂科威,瓜子,瓜子（成都）,瓜子网,2
临沂,2017-07-17,别克,昂科威,瓜子,瓜子（临沂）,瓜子网,2
漳州,2017-07-17,别克,昂科威,瓜子,瓜子（漳州）,瓜子网,2
南宁,2017-07-17,别克,昂科威,瓜子,瓜子（南宁）,瓜子网,2
太原,2017-07-17,别克,昂科威,瓜子,瓜子（太原）,瓜子网,2
南宁,2017-07-17,别克,昂科威,瓜子,瓜子（南宁）,瓜子网,2
宿迁,2017-07-17,别克,昂科威,瓜子,瓜子（宿迁）,瓜子网,2
中山,2017-07-17,别克,昂科威,瓜子,瓜子（中山）,瓜子网,2
杭州,2017-07-17,别克,昂科威,瓜子,瓜子（杭州）,瓜子网,2
长春,2017-07-17,别克,昂科威,瓜子,瓜子（长春）,瓜子网,2
济宁,2017-07-17,别克,昂科威,瓜子,瓜子（济宁）,瓜子网,2
沈阳,2017-07-17,别克,昂科威,瓜子,瓜子（沈阳）,瓜子网,2
南京,2017-07-17,别克,昂科威,瓜子,瓜子（南京）,瓜子网,2
济宁,2017-07-17,别克,昂科威,瓜子,瓜子（济宁）,瓜子网,2
杭州,2017-07-17,别克,昂科威,瓜子,瓜子（杭州）,瓜子网,2
昆明,2017-07-17,别克,昂科威,瓜子,瓜子（昆明）,瓜子网,2
运城,2017-07-17,别克,昂科威,瓜子,瓜子（运城）,瓜子网,2
昆明,2017-07-17,别克,昂科威,瓜子,瓜子（昆明）,瓜子网,2
合肥,2017-07-17,别克,昂科威,瓜子,瓜子（合肥）,瓜子网,2
合肥,2017-07-17,别克,昂科威,瓜子,瓜子（合肥）,瓜子网,2
北京,2017-07-17,别克,昂科威,瓜子,瓜子（北京）,瓜子网,2
济南,2017-07-17,别克,昂科威,瓜子,瓜子（济南）,瓜子网,2
芜湖,2017-07-17,别克,昂科威,瓜子,瓜子（芜湖）,瓜子网,2
南宁,2017-07-17,别克,昂科威,淘车,人人车（南宁）,人人车网,2
北京,2017-07-17,别克,昂科威,淘车,人人车（北京）,人人车网,2
大连,2017-07-17,别克,昂科威,淘车,人人车（大连）,人人车网,2
苏州,2017-07-17,别克,昂科威,淘车,人人车（苏州）,人人车网,2
常州,2017-07-17,别克,昂科威,二手车之家,常州市明星二手车销售有限公司,网络媒体,3
武汉,2017-07-17,别克,昂科威,人人车,人人车（武汉）,人人车网,2
温州,2017-07-16,别克,昂科威,淘车,温州市长久汽车服务有限公司,网络媒体,3
兰州,2017-07-16,别克,昂科威,淘车,人人车（兰州）,人人车网,2
南宁,2017-07-16,别克,昂科威,二手车之家,广西弘通汽车销售服务有限公司,上汽通用别克,3
西安,2017-07-16,别克,昂科威,淘车,人人车（西安）,人人车网,2
兰州,2017-07-16,别克,昂科威,淘车,兰州万顺二手汽车经营有限公司,网络媒体,3
乌鲁木齐,2017-07-16,别克,昂科威,淘车,人人车（乌鲁木齐）,人人车网,2
大连,2017-07-16,别克,昂科威,淘车,大连美联国际车行,网络媒体,3
贵阳,2017-07-16,别克,昂科威,二手车之家,贵阳市筑恒睿汽车服务有限公司,网络媒体,3
贵阳,2017-07-16,别克,昂科威,淘车,人人车（贵阳）,人人车网,2
乐山,2017-07-16,别克,昂科威,二手车之家,乐山金名仕汽车销售服务有限公司,东风雪铁龙,3
青岛,2017-07-16,别克,昂科威,二手车之家,青岛学海二手车,网络媒体,3
南宁,2017-07-16,别克,昂科威,淘车,广西冠通汽车销售服务有限公司,上汽通用别克,3
成都,2017-07-15,别克,昂科威,二手车之家,成都车先生汽车服务有限公司,网络媒体,2
太原,2017-07-15,别克,昂科威,二手车之家,山西汇众汇通汽车销售服务有限公司,上汽通用别克,3
成都,2017-07-15,别克,昂科威,淘车,人人车（成都）,人人车网,2
上海,2017-07-15,别克,昂科威,二手车之家,绍兴冠松二手车有限公司,上汽通用别克,3
泉州,2017-07-15,别克,昂科威,淘车,看车网（泉州）,看车网,2
大连,2017-07-15,别克,昂科威,二手车之家,车联盟二手名车广场,网络媒体,3
东莞,2017-07-15,别克,昂科威,淘车,人人车（东莞）,人人车网,2
石家庄,2017-07-15,别克,昂科威,淘车,石家庄兴达汽车销售有限公司,网络媒体,3
成都,2017-07-14,别克,昂科威,人人车,人人车（成都）,人人车网,2
哈尔滨,2017-07-14,别克,昂科威,淘车,人人车（哈尔滨）,人人车网,2
郑州,2017-07-14,别克,昂科威,优信,腾发二手车（董碧波）,优信网,2
乌鲁木齐,2017-07-14,别克,昂科威,人人车,人人车（乌鲁木齐）,人人车网,2
北京,2017-07-14,别克,昂科威,淘车,看车网（北京）,看车网,2
沈阳,2017-07-14,别克,昂科威,淘车,人人车（沈阳）,人人车网,2
广州,2017-07-13,别克,昂科威,淘车,看车网（广州）,看车网,2
济南,2017-07-13,别克,昂科威,二手车之家,看车网（济南）,看车网,2
济南,2017-07-13,别克,昂科威,淘车,看车网（济南）,看车网,2
上海,2017-07-13,别克,昂科威,淘车,人人车（上海）,人人车网,2
泉州,2017-07-13,别克,昂科威,淘车,看车网（泉州）,看车网,2
沈阳,2017-07-12,别克,昂科威,人人车,人人车（沈阳）,人人车网,2
大同,2017-07-12,别克,昂科威,二手车之家,看车网（大同）,看车网,2
贵阳,2017-07-12,别克,昂科威,淘车,人人车（贵阳）,人人车网,2
大同,2017-07-12,别克,昂科威,淘车,看车网（大同）,看车网,2
东莞,2017-07-12,别克,昂科威,淘车,看车网（东莞）,看车网,2
青岛,2017-07-12,别克,昂科威,二手车之家,青岛兴龙车行,网络媒体,3
苏州,2017-07-11,别克,昂科威,淘车,看车网（苏州）,看车网,2
兰州,2017-07-11,别克,昂科威,淘车,人人车（兰州）,人人车网,2
石家庄,2017-07-11,别克,昂科威,淘车,看车网（石家庄）,看车网,2
台州,2017-07-11,别克,昂科威,二手车之家,台州市路桥欧佳二手车经纪有限公司,网络媒体,3
宁波,2017-07-11,别克,昂科威,淘车,宁波和平二手车,网络媒体,3
佛山,2017-07-11,别克,昂科威,淘车,人人车（佛山）,人人车网,2
石家庄,2017-07-11,别克,昂科威,二手车之家,看车网（石家庄）,看车网,2
合肥,2017-07-11,别克,昂科威,华夏二手车,安徽万联旧机动车销售有限公司合肥分公司（合肥万联）,网络媒体,3
运城,2017-07-10,别克,昂科威,二手车之家,运城市元通广润汽车销售服务有限公司（别克）,上汽通用别克,3
深圳,2017-07-10,别克,昂科威,淘车,人人车（深圳）,人人车网,2
杭州,2017-07-10,别克,昂科威,人人车,人人车（杭州）,人人车网,2
郑州,2017-07-10,别克,昂科威,淘车,郑州市惠济区八达汽车服务部,网络媒体,3
宁波,2017-07-10,别克,昂科威,华夏二手车,宁波泛洋盛二手车经营有限公司(重复，已弃用),网络媒体,2
株洲,2017-07-10,别克,昂科威,二手车之家,株洲诚信二手车行,网络媒体,3
东莞,2017-07-10,别克,昂科威,淘车,东莞安通二手车经销有限公司,网络媒体,3
蚌埠,2017-07-10,别克,昂科威,二手车之家,蚌埠市蚌山区贵启车辆经纪事务所,网络媒体,3
深圳,2017-07-09,别克,昂科威,二手车之家,深圳捷豪汽车租赁有限公司,网络媒体,3
杭州,2017-07-09,别克,昂科威,人人车,人人车（杭州）,人人车网,2
成都,2017-07-09,别克,昂科威,淘车,看车网（成都）,看车网,2
深圳,2017-07-09,别克,昂科威,优信,深圳市捷豪二手车经销有限公司,优信网,2
合肥,2017-07-09,别克,昂科威,淘车,看车网（合肥）,看车网,2
北京,2017-07-09,别克,昂科威,二手车之家,看车网（北京）,看车网,2
郑州,2017-07-09,别克,昂科威,二手车之家,河南腾发汽车销售服务有限公司,网络媒体,3
常州,2017-07-09,别克,昂科威,二手车之家,常州市明星二手车销售有限公司,网络媒体,3
石家庄,2017-07-08,别克,昂科威,大搜车,石家庄泰康旧机动车经纪有限公司,网络媒体,3
惠州,2017-07-08,别克,昂科威,人人车,人人车（惠州）,人人车网,2
成都,2017-07-08,别克,昂科威,二手车之家,四川申蓉和浩汽车销售服务有限公司,一汽大众,3
深圳,2017-07-08,别克,昂科威,二手车之家,看车网（深圳）,看车网,2
北京,2017-07-08,别克,昂科威,人人车,人人车（北京）,人人车网,2
北京,2017-07-08,别克,昂科威,淘车,人人车（北京）,人人车网,2
深圳,2017-07-08,别克,昂科威,淘车,看车网（深圳）,看车网,2
北京,2017-07-08,别克,昂科威,淘车,看车网（北京）,看车网,2
宜昌,2017-07-08,别克,昂科威,瓜子,瓜子（宜昌）,瓜子网,2
郑州,2017-07-07,别克,昂科威,上海通用,河南新纪元汽车销售服务有限公司,上汽通用别克,3
广州,2017-07-07,别克,昂科威,淘车,看车网（广州）,看车网,2
济南,2017-07-07,别克,昂科威,第一车网,山东鸿发森岳汽车销售服务有限公司,上汽通用别克,3
济南,2017-07-07,别克,昂科威,上海通用,山东鸿发森岳汽车销售服务有限公司,上汽通用别克,3
北京,2017-07-07,别克,昂科威,淘车,看车网（北京）,看车网,2
株洲,2017-07-07,别克,昂科威,瓜子,瓜子（株洲）,瓜子网,2
重庆,2017-07-07,别克,昂科威,淘车,人人车（重庆）,人人车网,2
承德,2017-07-07,别克,昂科威,瓜子,瓜子（承德）,瓜子网,2
郑州,2017-07-07,别克,昂科威,淘车,河南远见别克,上汽通用别克,3
北京,2017-07-06,别克,昂科威,淘车,人人车（北京）,人人车网,2
西安,2017-07-06,别克,昂科威,人人车,人人车（西安）,人人车网,2
贵阳,2017-07-06,别克,昂科威,人人车,人人车（贵阳）,人人车网,2
昆明,2017-07-06,别克,昂科威,人人车,人人车（昆明）,人人车网,2
北京,2017-07-06,别克,昂科威,淘车,人人车（北京）,人人车网,2
北京,2017-07-06,别克,昂科威,二手车之家,北京易通行旧机动车经纪有限公司,网络媒体,2
临沂,2017-07-06,别克,昂科威,瓜子,瓜子（临沂）,瓜子网,2
沧州,2017-07-06,别克,昂科威,百姓,车易得河北沧州店,网络媒体,3
深圳,2017-07-06,别克,昂科威,二手车之家,深圳市建达成二手车经纪服务有限公司,网络媒体,3
厦门,2017-07-06,别克,昂科威,二手车之家,厦门联鑫行汽车服务有限公司,网络媒体,3
济南,2017-07-06,别克,昂科威,淘车,看车网（济南）,看车网,2
济南,2017-07-06,别克,昂科威,二手车之家,济南先达二手车公司,网络媒体,3
长沙,2017-07-06,别克,昂科威,淘车,人人车（长沙）,人人车网,2
温州,2017-07-06,别克,昂科威,淘车,温州车之行二手车交易有限公司,网络媒体,3
南京,2017-07-05,别克,昂科威,人人车,人人车（南京）,人人车网,2
宁波,2017-07-05,别克,昂科威,二手车之家,宁波元通云行汽车服务有限公司,网络媒体,3
广州,2017-07-05,别克,昂科威,淘车,看车网（广州）,看车网,2
济南,2017-07-05,别克,昂科威,二手车之家,济南先达二手车公司,网络媒体,3
南京,2017-07-05,别克,昂科威,淘车,人人车（南京）,人人车网,2
南京,2017-07-05,别克,昂科威,淘车,人人车（南京）,人人车网,2
三门峡,2017-07-05,别克,昂科威,二手车之家,三门峡市安源信车业,网络媒体,3
南京,2017-07-05,别克,昂科威,人人车,人人车（南京）,人人车网,2
深圳,2017-07-05,别克,昂科威,华夏二手车,深圳市中环二手车经纪有限公司,网络媒体,3
天津,2017-07-05,别克,昂科威,二手车之家,天津浩众汽车贸易服务有限公司,一汽大众,3
沧州,2017-07-05,别克,昂科威,华夏二手车,车易得河北沧州店,网络媒体,3
大连,2017-07-05,别克,昂科威,淘车,看车网（大连）,看车网,2
昆明,2017-07-05,别克,昂科威,淘车,看车网（昆明）,看车网,2
广州,2017-07-05,别克,昂科威,淘车,人人车（广州）,人人车网,2
成都,2017-07-05,别克,昂科威,淘车,人人车（成都）,人人车网,2
广州,2017-07-05,别克,昂科威,淘车,人人车（广州）,人人车网,2
苏州,2017-07-04,别克,昂科威,人人车,人人车（苏州）,人人车网,2
合肥,2017-07-04,别克,昂科威,淘车,看车网（合肥）,看车网,2
大连,2017-07-04,别克,昂科威,人人车,人人车（大连）,人人车网,2
沈阳,2017-07-04,别克,昂科威,人人车,人人车（沈阳）,人人车网,2
北京,2017-07-04,别克,昂科威,人人车,人人车（北京）,人人车网,2
重庆,2017-07-04,别克,昂科威,人人车,人人车（重庆）,人人车网,2
太原,2017-07-04,别克,昂科威,人人车,人人车（太原）,人人车网,2
苏州,2017-07-04,别克,昂科威,淘车,苏州众泰汽车交易有限公司,网络媒体,3
石家庄,2017-07-03,别克,昂科威,大搜车,石家庄泰康旧机动车经纪有限公司,网络媒体,3
成都,2017-07-03,别克,昂科威,大搜车,成都车先生汽车服务有限公司,网络媒体,2
沈阳,2017-07-03,别克,昂科威,淘车,沈阳鑫路途二手车经纪有限公司,网络媒体,3
南京,2017-07-03,别克,昂科威,淘车,人人车（南京）,人人车网,2
郑州,2017-07-02,别克,昂科威,二手车之家,河南远见别克,上汽通用别克,3
石家庄,2017-07-02,别克,昂科威,华夏二手车,石家庄泰康旧机动车经纪有限公司,网络媒体,3
武汉,2017-07-02,别克,昂科威,人人车,人人车（武汉）,人人车网,2
长沙,2017-07-02,别克,昂科威,二手车之家,长沙市岳麓区大河西汽车贸易有限公司,网络媒体,3
广州,2017-07-02,别克,昂科威,人人车,人人车（广州）,人人车网,2
成都,2017-07-02,别克,昂科威,淘车,成都锐豪二手车经销有限公司,网络媒体,2
青岛,2017-07-02,别克,昂科威,优信,青岛长青嘉骏车行,优信网,2
石家庄,2017-07-01,别克,昂科威,人人车,人人车（石家庄）,人人车网,2
苏州,2017-07-01,别克,昂科威,二手车之家,富格尔名车（富跃（苏州）汽车销售服务有限公司）,网络媒体,3
安阳,2017-07-01,别克,昂科威,二手车之家,安阳市新纪元汽车销售服务有限公司,上汽通用别克,3
苏州,2017-07-01,别克,昂科威,二手车之家,看车网（苏州）,看车网,2
郑州,2017-07-01,别克,昂科威,淘车,郑州亿亨科汽车销售有限公司,网络媒体,3
乌鲁木齐,2017-06-30,别克,昂科威,二手车之家,乌鲁木齐市德宝伟业二手车服务有限公司,网络媒体,3
长沙,2017-06-30,别克,昂科威,二手车之家,长沙瑞祥汽车贸易有限公司,网络媒体,3
合肥,2017-06-30,别克,昂科威,二手车之家,看车网（合肥）,看车网,2
济南,2017-06-30,别克,昂科威,淘车,人人车（济南）,人人车网,2
上海,2017-06-30,别克,昂科威,淘车,看车网（上海）,看车网,2
昆明,2017-06-30,别克,昂科威,淘车,昆明凯旋二手车经销有限公司,网络媒体,3
昆明,2017-06-30,别克,昂科威,淘车,人人车（昆明）,人人车网,2
郑州,2017-06-30,别克,昂科威,淘车,人人车（郑州）,人人车网,2
沈阳,2017-06-30,别克,昂科威,人人车,人人车（沈阳）,人人车网,2
深圳,2017-06-30,别克,昂科威,人人车,人人车（深圳）,人人车网,2
天津,2017-06-30,别克,昂科威,车王,车王天津店,车王,3
武汉,2017-06-30,别克,昂科威,上海通用,湖北三环海通汽车有限公司,上汽通用别克,3
石家庄,2017-06-29,别克,昂科威,二手车之家,石家庄淘车乐二手车交易有限公司,网络媒体,2
西安,2017-06-29,别克,昂科威,淘车,西安大诚行二手车经销有限公司,网络媒体,3
石家庄,2017-06-29,别克,昂科威,淘车,人人车（石家庄）,人人车网,2
泉州,2017-06-29,别克,昂科威,上海通用,泉州通海汽车销售服务有限公司,上汽通用别克,3
合肥,2017-06-29,别克,昂科威,淘车,看车网（合肥）,看车网,2
南宁,2017-06-29,别克,昂科威,淘车,人人车（南宁）,人人车网,2
天津,2017-06-29,别克,昂科威,优信,天津车王,优信网,2
武汉,2017-06-28,别克,昂科威,淘车,武汉市鑫浩林旧机动车交易有限公司,网络媒体,3
常州,2017-06-28,别克,昂科威,百姓,常州市淇嘉二手车,网络媒体,3
南宁,2017-06-28,别克,昂科威,淘车,人人车（南宁）,人人车网,2
成都,2017-06-28,别克,昂科威,大搜车,成都车先生汽车服务有限公司,网络媒体,2
重庆,2017-06-28,别克,昂科威,淘车,重庆顺源汽车经纪有限公司,网络媒体,3
哈尔滨,2017-06-28,别克,昂科威,淘车,人人车（哈尔滨）,人人车网,2
郑州,2017-06-28,别克,昂科威,淘车,郑重车行,网络媒体,3
成都,2017-06-28,别克,昂科威,淘车,成都蚂蚁王二手车汽车服务有限责任公司,网络媒体,3
合肥,2017-06-27,别克,昂科威,淘车,合肥麦卡汽车服务有限公司,网络媒体,3
桂林,2017-06-26,别克,昂科威,瓜子,瓜子（桂林）,瓜子网,2
成都,2017-06-26,别克,昂科威,大搜车,成都车先生汽车服务有限公司,网络媒体,2
成都,2017-06-26,别克,昂科威,大搜车,成都车先生汽车服务有限公司,网络媒体,2
洛阳,2017-06-26,别克,昂科威,淘车,人人车（洛阳）,人人车网,2
沈阳,2017-06-26,别克,昂科威,瓜子,瓜子（沈阳）,瓜子网,2
柳州,2017-06-26,别克,昂科威,淘车,看车网（柳州）,看车网,2
苏州,2017-06-25,别克,昂科威,人人车,人人车（苏州）,人人车网,2
北京,2017-06-25,别克,昂科威,淘车,人人车（北京）,人人车网,2
成都,2017-06-25,别克,昂科威,淘车,看车网（成都）,看车网,2
大连,2017-06-25,别克,昂科威,淘车,大连美联国际车行,网络媒体,3
成都,2017-06-25,别克,昂科威,人人车,人人车（成都）,人人车网,2
西安,2017-06-24,别克,昂科威,淘车,看车网（西安）,看车网,2
广州,2017-06-24,别克,昂科威,淘车,看车网（广州）,看车网,2
南京,2017-06-24,别克,昂科威,人人车,人人车（南京）,人人车网,2
合肥,2017-06-24,别克,昂科威,二手车之家,安徽万联旧机动车销售有限公司合肥分公司（合肥万联）,网络媒体,3
西安,2017-06-24,别克,昂科威,二手车之家,西安大诚行二手车经销有限公司,网络媒体,3
深圳,2017-06-24,别克,昂科威,二手车之家,深圳市建达成二手车经纪服务有限公司,网络媒体,3
南京,2017-06-24,别克,昂科威,淘车,人人车（南京）,人人车网,2
绵阳,2017-06-24,别克,昂科威,淘车,看车网（绵阳）,看车网,2
杭州,2017-06-24,别克,昂科威,人人车,人人车（杭州）,人人车网,2
深圳,2017-06-23,别克,昂科威,澳康达,澳康达名车广场,澳康达,3
合肥,2017-06-23,别克,昂科威,淘车,看车网（合肥）,看车网,2
淮南,2017-06-23,别克,昂科威,淘车,安徽万联旧机动车销售有限公司,网络媒体,3
长沙,2017-06-23,别克,昂科威,二手车之家,长沙大驾光临二手车销售有限公司,网络媒体,3
淮南,2017-06-23,别克,昂科威,华夏二手车,安徽万联旧机动车销售有限公司,网络媒体,3
贵阳,2017-06-23,别克,昂科威,华夏二手车,贵阳恒信二手车公司,网络媒体,3
成都,2017-06-23,别克,昂科威,淘车,人人车（成都）,人人车网,2
济南,2017-06-23,别克,昂科威,淘车,看车网（济南）,看车网,2
大连,2017-06-23,别克,昂科威,淘车,大连美联国际车行,网络媒体,3
郑州,2017-06-22,别克,昂科威,淘车,看车网（郑州）,看车网,2
重庆,2017-06-22,别克,昂科威,上海通用,重庆中汽沪通汽车有限公司,上汽通用别克,3
杭州,2017-06-22,别克,昂科威,瓜子,瓜子（杭州）,瓜子网,2
济南,2017-06-22,别克,昂科威,淘车,看车网（济南）,看车网,2
成都,2017-06-22,别克,昂科威,瓜子,瓜子（成都）,瓜子网,2
广州,2017-06-22,别克,昂科威,人人车,人人车（广州）,人人车网,2
成都,2017-06-22,别克,昂科威,淘车,看车网（成都）,看车网,2
重庆,2017-06-22,别克,昂科威,二手车之家,看车网（重庆）,看车网,2
威海,2017-06-22,别克,昂科威,瓜子,瓜子（威海）,瓜子网,2
杭州,2017-06-22,别克,昂科威,淘车,人人车（杭州）,人人车网,2
宿迁,2017-06-22,别克,昂科威,瓜子,瓜子（宿迁）,瓜子网,2
长沙,2017-06-22,别克,昂科威,瓜子,瓜子（长沙）,瓜子网,2
济南,2017-06-21,别克,昂科威,瓜子,瓜子（济南）,瓜子网,2
杭州,2017-06-21,别克,昂科威,人人车,人人车（杭州）,人人车网,2
北京,2017-06-21,别克,昂科威,人人车,人人车（北京）,人人车网,2
广州,2017-06-21,别克,昂科威,淘车,人人车（广州）,人人车网,2
太原,2017-06-21,别克,昂科威,人人车,人人车（太原）,人人车网,2
唐山,2017-06-21,别克,昂科威,淘车,看车网（唐山）,看车网,2
苏州,2017-06-21,别克,昂科威,二手车之家,苏州名城车港汽车贸易有限公司,网络媒体,3
深圳,2017-06-21,别克,昂科威,瓜子,瓜子（深圳）,瓜子网,2
重庆,2017-06-21,别克,昂科威,二手车之家,重庆迈卡汽车销售服务有限公司,网络媒体,3
西安,2017-06-21,别克,昂科威,淘车,看车网（西安）,看车网,2
泰州,2017-06-20,别克,昂科威,瓜子,瓜子（泰州）,瓜子网,2
太原,2017-06-20,别克,昂科威,瓜子,瓜子（太原）,瓜子网,2
长沙,2017-06-20,别克,昂科威,二手车之家,长沙智诚汽车销售有限公司,网络媒体,3
深圳,2017-06-20,别克,昂科威,二手车之家,深圳市中环二手车经纪有限公司,网络媒体,3
太原,2017-06-20,别克,昂科威,瓜子,瓜子（太原）,瓜子网,2
贵阳,2017-06-20,别克,昂科威,人人车,人人车（贵阳）,人人车网,2
北京,2017-06-20,别克,昂科威,淘车,人人车（北京）,人人车网,2
武汉,2017-06-20,别克,昂科威,淘车,武汉市鑫浩林旧机动车交易有限公司,网络媒体,3
北京,2017-06-19,别克,昂科威,瓜子,瓜子（北京）,瓜子网,2
石家庄,2017-06-19,别克,昂科威,瓜子,瓜子（石家庄）,瓜子网,2
成都,2017-06-19,别克,昂科威,大搜车,成都车先生汽车服务有限公司,网络媒体,2
太原,2017-06-19,别克,昂科威,上海通用,山西新世纪宝鼎汽车贸易公司,上汽通用别克,3
泰安,2017-06-19,别克,昂科威,瓜子,瓜子（泰安）,瓜子网,2
广州,2017-06-19,别克,昂科威,上海通用,广州市广物君豪汽车有限公司,上汽通用别克,3
上海,2017-06-19,别克,昂科威,淘车,人人车（上海）,人人车网,2
宜宾,2017-06-19,别克,昂科威,二手车之家,宜宾路安二手车销售有限公司,网络媒体,3
南京,2017-06-19,别克,昂科威,淘车,人人车（南京）,人人车网,2
天津,2017-06-19,别克,昂科威,人人车,人人车（天津）,人人车网,2
成都,2017-06-19,别克,昂科威,人人车,人人车（成都）,人人车网,2
南宁,2017-06-18,别克,昂科威,人人车,人人车（南宁）,人人车网,2
沧州,2017-06-18,别克,昂科威,淘车,沧州华南汽车服务有限公司,网络媒体,3
抚顺,2017-06-18,别克,昂科威,瓜子,瓜子（抚顺）,瓜子网,2
长沙,2017-06-18,别克,昂科威,二手车之家,湖南华运通汽车销售有限公司,一汽奥迪,3
郑州,2017-06-18,别克,昂科威,二手车之家,河南远见别克,上汽通用别克,3
昆明,2017-06-18,别克,昂科威,淘车,看车网（昆明）,看车网,2
杭州,2017-06-18,别克,昂科威,瓜子,瓜子（杭州）,瓜子网,2
抚顺,2017-06-18,别克,昂科威,瓜子,瓜子（抚顺）,瓜子网,2
杭州,2017-06-17,别克,昂科威,淘车,人人车（杭州）,人人车网,2
随州,2017-06-17,别克,昂科威,二手车之家,神州买卖车（湖北省随州店）,网络媒体,3
莆田,2017-06-17,别克,昂科威,瓜子,瓜子（莆田）,瓜子网,2
杭州,2017-06-17,别克,昂科威,人人车,人人车（杭州）,人人车网,2
武汉,2017-06-17,别克,昂科威,淘车,人人车（武汉）,人人车网,2
太原,2017-06-17,别克,昂科威,上海通用,山西汇众汇通汽车销售服务有限公司,上汽通用别克,3
武汉,2017-06-17,别克,昂科威,华夏二手车,武汉宏俊隆汽车贸易有限责任公司,网络媒体,3
成都,2017-06-17,别克,昂科威,淘车,人人车（成都）,人人车网,2
六安,2017-06-17,别克,昂科威,二手车之家,六安茂盛二手车销售有限公司,网络媒体,3
贵阳,2017-06-17,别克,昂科威,淘车,看车网（贵阳）,看车网,2
广州,2017-06-17,别克,昂科威,人人车,人人车（广州）,人人车网,2
成都,2017-06-17,别克,昂科威,瓜子,瓜子（成都）,瓜子网,2
太原,2017-06-16,别克,昂科威,人人车,人人车（太原）,人人车网,2
沈阳,2017-06-16,别克,昂科威,淘车,沈阳万悦汽车服务有限公司,网络媒体,3
南通,2017-06-16,别克,昂科威,瓜子,瓜子（南通）,瓜子网,2
郑州,2017-06-16,别克,昂科威,上海通用,河南新纪元汽车销售服务有限公司,上汽通用别克,3
郑州,2017-06-16,别克,昂科威,上海通用,河南新纪元汽车销售服务有限公司,上汽通用别克,3
赣州,2017-06-16,别克,昂科威,瓜子,瓜子（赣州）,瓜子网,2
上海,2017-06-16,别克,昂科威,华夏二手车,上海冠捷二手车,网络媒体,3
太原,2017-06-16,别克,昂科威,二手车之家,山西汇众汇通汽车销售服务有限公司,上汽通用别克,3
临沂,2017-06-16,别克,昂科威,淘车,看车网（临沂）,看车网,2
石家庄,2017-06-16,别克,昂科威,人人车,人人车（石家庄）,人人车网,2
乌鲁木齐,2017-06-16,别克,昂科威,人人车,人人车（乌鲁木齐）,人人车网,2
东莞,2017-06-16,别克,昂科威,人人车,人人车（东莞）,人人车网,2
太原,2017-06-15,别克,昂科威,二手车之家,太原市伟伟旧机动车经纪有限公司,网络媒体,3
东莞,2017-06-15,别克,昂科威,淘车,人人车（东莞）,人人车网,2
北京,2017-06-15,别克,昂科威,淘车,张睿二手车,网络媒体,3
武汉,2017-06-14,别克,昂科威,瓜子,瓜子（武汉）,瓜子网,2
深圳,2017-06-14,别克,昂科威,人人车,人人车（深圳）,人人车网,2
成都,2017-06-14,别克,昂科威,淘车,四川聚优车酷企业管理有限公司,网络媒体,3
上海,2017-06-14,别克,昂科威,淘车,看车网（上海）,看车网,2
合肥,2017-06-14,别克,昂科威,人人车,人人车（合肥）,人人车网,2
厦门,2017-06-14,别克,昂科威,瓜子,瓜子（厦门）,瓜子网,2
太原,2017-06-14,别克,昂科威,人人车,人人车（太原）,人人车网,2
成都,2017-06-14,别克,昂科威,人人车,人人车（成都）,人人车网,2
成都,2017-06-14,别克,昂科威,瓜子,瓜子（成都）,瓜子网,2
太原,2017-06-13,别克,昂科威,人人车,人人车（太原）,人人车网,2
海口,2017-06-13,别克,昂科威,二手车之家,海南世博汽车服务有限公司,一汽奥迪,3
六安,2017-06-13,别克,昂科威,二手车之家,六安茂盛二手车销售有限公司,网络媒体,3
太原,2017-06-13,别克,昂科威,二手车之家,山西汇众汇通汽车销售服务有限公司,上汽通用别克,3
西安,2017-06-13,别克,昂科威,华夏二手车,舍得二手车行,网络媒体,3
宁波,2017-06-13,别克,昂科威,二手车之家,宁波明楼二手车,网络媒体,3
苏州,2017-06-12,别克,昂科威,淘车,看车网（苏州）,看车网,2
吉安,2017-06-12,别克,昂科威,淘车,吉安亚太汽车销售服务有限公司吉州分公司,网络媒体,3
广安,2017-06-12,别克,昂科威,瓜子,瓜子（广安）,瓜子网,2
宁波,2017-06-12,别克,昂科威,瓜子,瓜子（宁波）,瓜子网,2
青岛,2017-06-12,别克,昂科威,二手车之家,青岛千汇鑫车行,网络媒体,3
沈阳,2017-06-12,别克,昂科威,淘车,沈阳铁西区唯漪二手车服务处,网络媒体,3
合肥,2017-06-12,别克,昂科威,淘车,合肥恒利达汽车贸易有限公司,网络媒体,3
兰州,2017-06-12,别克,昂科威,瓜子,瓜子（兰州）,瓜子网,2
上海,2017-06-12,别克,昂科威,人人车,人人车（上海）,人人车网,2
成都,2017-06-11,别克,昂科威,人人车,人人车（成都）,人人车网,2
沈阳,2017-06-11,别克,昂科威,人人车,人人车（沈阳）,人人车网,2
银川,2017-06-11,别克,昂科威,瓜子,瓜子（银川）,瓜子网,2
广州,2017-06-11,别克,昂科威,瓜子,瓜子（广州）,瓜子网,2
武汉,2017-06-11,别克,昂科威,瓜子,瓜子（武汉）,瓜子网,2
济南,2017-06-11,别克,昂科威,淘车,看车网（济南）,看车网,2
深圳,2017-06-11,别克,昂科威,瓜子,瓜子（深圳）,瓜子网,2
青岛,2017-06-11,别克,昂科威,二手车之家,青岛千汇鑫车行,网络媒体,3
绵阳,2017-06-11,别克,昂科威,瓜子,瓜子（绵阳）,瓜子网,2
沈阳,2017-06-11,别克,昂科威,瓜子,瓜子（沈阳）,瓜子网,2
兰州,2017-06-10,别克,昂科威,人人车,人人车（兰州）,人人车网,2
宁波,2017-06-10,别克,昂科威,二手车之家,宁波江东宏业二手车经纪有限公司,网络媒体,2
南宁,2017-06-10,别克,昂科威,瓜子,瓜子（南宁）,瓜子网,2
沈阳,2017-06-10,别克,昂科威,人人车,人人车（沈阳）,人人车网,2
广州,2017-06-10,别克,昂科威,淘车,看车网（广州）,看车网,2
郑州,2017-06-10,别克,昂科威,二手车之家,河南远见别克,上汽通用别克,3
上海,2017-06-10,别克,昂科威,瓜子,瓜子（上海）,瓜子网,2
漳州,2017-06-10,别克,昂科威,瓜子,瓜子（漳州）,瓜子网,2
合肥,2017-06-09,别克,昂科威,人人车,人人车（合肥）,人人车网,2
南京,2017-06-09,别克,昂科威,淘车,人人车（南京）,人人车网,2
上海,2017-06-09,别克,昂科威,人人车,人人车（上海）,人人车网,2
南京,2017-06-09,别克,昂科威,人人车,人人车（南京）,人人车网,2
郑州,2017-06-09,别克,昂科威,二手车之家,捷和郑州展厅,捷和,3
深圳,2017-06-09,别克,昂科威,淘车,看车网（深圳）,看车网,2
成都,2017-06-09,别克,昂科威,大搜车,成都车先生汽车服务有限公司,网络媒体,2
济南,2017-06-09,别克,昂科威,淘车,看车网（济南）,看车网,2
昆明,2017-06-09,别克,昂科威,人人车,人人车（昆明）,人人车网,2
苏州,2017-06-09,别克,昂科威,二手车之家,看车网（苏州）,看车网,2
昆明,2017-06-09,别克,昂科威,淘车,人人车（昆明）,人人车网,2
南通,2017-06-09,别克,昂科威,淘车,看车网（南通）,看车网,2
宁波,2017-06-09,别克,昂科威,二手车之家,宁波泛洋盛二手车经营有限公司(重复，已弃用),网络媒体,2
重庆,2017-06-09,别克,昂科威,人人车,人人车（重庆）,人人车网,2
宁波,2017-06-09,别克,昂科威,淘车,宁波和平二手车,网络媒体,3
广州,2017-06-09,别克,昂科威,瓜子,瓜子（广州）,瓜子网,2
南宁,2017-06-09,别克,昂科威,瓜子,瓜子（南宁）,瓜子网,2
临沂,2017-06-09,别克,昂科威,淘车,临沂兴力达二手车,网络媒体,3
临沂,2017-06-09,别克,昂科威,二手车之家,临沂兴力达二手车,网络媒体,3
汕头,2017-06-09,别克,昂科威,瓜子,瓜子（汕头）,瓜子网,2
广州,2017-06-08,别克,昂科威,瓜子,瓜子（广州）,瓜子网,2
沈阳,2017-06-08,别克,昂科威,瓜子,瓜子（沈阳）,瓜子网,2
宁波,2017-06-08,别克,昂科威,二手车之家,宁波明楼二手车,网络媒体,3
乌鲁木齐,2017-06-08,别克,昂科威,瓜子,瓜子（乌鲁木齐）,瓜子网,2
惠州,2017-06-08,别克,昂科威,二手车之家,惠州市百顺二手车行,网络媒体,3
芜湖,2017-06-08,别克,昂科威,瓜子,瓜子（芜湖）,瓜子网,2
泰州,2017-06-08,别克,昂科威,瓜子,瓜子（泰州）,瓜子网,2
长沙,2017-06-08,别克,昂科威,瓜子,瓜子（长沙）,瓜子网,2
苏州,2017-06-08,别克,昂科威,淘车,看车网（苏州）,看车网,2
惠州,2017-06-08,别克,昂科威,人人车,人人车（惠州）,人人车网,2
北京,2017-06-08,别克,昂科威,人人车,人人车（北京）,人人车网,2
长沙,2017-06-08,别克,昂科威,华夏二手车,长沙鸿运达汽车服务有限公司,网络媒体,3
徐州,2017-06-08,别克,昂科威,人人车,人人车（徐州）,人人车网,2
郑州,2017-06-07,别克,昂科威,二手车之家,郑州市鑫方圆二手汽车服务有限公司,网络媒体,3
东莞,2017-06-07,别克,昂科威,人人车,人人车（东莞）,人人车网,2
南京,2017-06-07,别克,昂科威,淘车,南京润茂汽车服务有限公司,网络媒体,3
台州,2017-06-07,别克,昂科威,二手车之家,台州市博豪二手车经纪有限公司,网络媒体,3
台州,2017-06-07,别克,昂科威,华夏二手车,台州市博豪二手车经纪有限公司,网络媒体,3
天津,2017-06-07,别克,昂科威,人人车,人人车（天津）,人人车网,2
武汉,2017-06-07,别克,昂科威,人人车,人人车（武汉）,人人车网,2
武汉,2017-06-07,别克,昂科威,二手车之家,武汉合力君安汽车服务公司,网络媒体,3
深圳,2017-06-07,别克,昂科威,瓜子,瓜子（深圳）,瓜子网,2
上海,2017-06-07,别克,昂科威,二手车之家,上海永达二手车连锁经营有限公司,网络媒体,3
南京,2017-06-07,别克,昂科威,二手车之家,南京润茂汽车服务有限公司,网络媒体,3
郑州,2017-06-06,别克,昂科威,人人车,人人车（郑州）,人人车网,2
杭州,2017-06-06,别克,昂科威,瓜子,瓜子（杭州）,瓜子网,2
成都,2017-06-06,别克,昂科威,大搜车,四川好车易到汽车销售服务有限公司,网络媒体,3
南通,2017-06-06,别克,昂科威,瓜子,瓜子（南通）,瓜子网,2
贵阳,2017-06-06,别克,昂科威,瓜子,瓜子（贵阳）,瓜子网,2
大连,2017-06-06,别克,昂科威,人人车,人人车（大连）,人人车网,2
成都,2017-06-06,别克,昂科威,大搜车,四川好车易到汽车销售服务有限公司,网络媒体,3
合肥,2017-06-06,别克,昂科威,二手车之家,看车网（合肥）,看车网,2
厦门,2017-06-06,别克,昂科威,瓜子,瓜子（厦门）,瓜子网,2
德阳,2017-06-06,别克,昂科威,瓜子,瓜子（德阳）,瓜子网,2
西安,2017-06-06,别克,昂科威,人人车,人人车（西安）,人人车网,2
北京,2017-06-05,别克,昂科威,二手车之家,看车网（北京）,看车网,2
北京,2017-06-05,别克,昂科威,二手车之家,看车网（北京）,看车网,2
大连,2017-06-05,别克,昂科威,人人车,人人车（大连）,人人车网,2
大同,2017-06-05,别克,昂科威,二手车之家,大同市南郊同辉二手车经纪有限责任公司,网络媒体,3
苏州,2017-06-05,别克,昂科威,二手车之家,苏州佳成精品名车惠展中心,网络媒体,3
南京,2017-06-05,别克,昂科威,二手车之家,江苏天泓汽车服务有限公司,上汽通用别克,3
南京,2017-06-05,别克,昂科威,二手车之家,江苏天泓汽车服务有限公司,上汽通用别克,3
南京,2017-06-05,别克,昂科威,上海通用,江苏天泓诚新二手车大卖场,网络媒体,2
南京,2017-06-05,别克,昂科威,上海通用,江苏天泓汽车服务有限公司,上汽通用别克,3
南京,2017-06-05,别克,昂科威,上海通用,江苏天泓诚新二手车大卖场,网络媒体,2
贵阳,2017-06-05,别克,昂科威,人人车,人人车（贵阳）,人人车网,2
广州,2017-06-05,别克,昂科威,瓜子,瓜子（广州）,瓜子网,2
济南,2017-06-04,别克,昂科威,淘车,人人车（济南）,人人车网,2
兰州,2017-06-04,别克,昂科威,淘车,兰州兰奥汽车销售服务有限公司,一汽奥迪,3
成都,2017-06-04,别克,昂科威,瓜子,瓜子（成都）,瓜子网,2
南宁,2017-06-04,别克,昂科威,百姓,看车网（南宁）,看车网,2
兰州,2017-06-04,别克,昂科威,二手车之家,兰州兰奥汽车销售服务有限公司,一汽奥迪,3
北京,2017-06-03,别克,昂科威,淘车,看车网（北京）,看车网,2
广安,2017-06-03,别克,昂科威,瓜子,瓜子（广安）,瓜子网,2
达州,2017-06-03,别克,昂科威,瓜子,瓜子（达州）,瓜子网,2
重庆,2017-06-03,别克,昂科威,二手车之家,看车网（重庆）,看车网,2
郑州,2017-06-03,别克,昂科威,淘车,河南腾发汽车销售服务有限公司,网络媒体,3
太原,2017-06-03,别克,昂科威,瓜子,瓜子（太原）,瓜子网,2
宁波,2017-06-03,别克,昂科威,优信,宁波元通二手车,优信网,2
合肥,2017-06-03,别克,昂科威,瓜子,瓜子（合肥）,瓜子网,2
宁波,2017-06-03,别克,昂科威,淘车,宁波和平二手车,网络媒体,3
青岛,2017-06-02,别克,昂科威,瓜子,瓜子（青岛）,瓜子网,2
六安,2017-06-02,别克,昂科威,二手车之家,六安茂盛二手车销售有限公司,网络媒体,3
烟台,2017-06-02,别克,昂科威,瓜子,瓜子（烟台）,瓜子网,2
郑州,2017-06-02,别克,昂科威,二手车之家,郑州市鑫方圆二手汽车服务有限公司,网络媒体,3
上海,2017-06-01,别克,昂科威,瓜子,瓜子（上海）,瓜子网,2
郑州,2017-06-01,别克,昂科威,二手车之家,郑州市鑫方圆二手汽车服务有限公司,网络媒体,3
济南,2017-06-01,别克,昂科威,二手车之家,看车网（济南）,看车网,2
上海,2017-06-01,别克,昂科威,淘车,人人车（上海）,人人车网,2
郑州,2017-06-01,别克,昂科威,华夏二手车,方圆二手名车馆,网络媒体,3
上海,2017-06-01,别克,昂科威,车王,车王江桥店,车王,3
大连,2017-06-01,别克,昂科威,瓜子,瓜子（大连）,瓜子网,2
上海,2017-06-01,别克,昂科威,优信,上海车王认证二手车超市（江桥店）,优信网,2
太原,2017-06-01,别克,昂科威,淘车,太原市天海旧机动车经纪有限公司,网络媒体,3
温州,2017-06-01,别克,昂科威,二手车之家,红旭集团股份公司温州二手车分公司,网络媒体,3
